FEN,Moves,Moves_UCI,Puzzle_ID,%win_LST_best_move,%win_Stockfish_best_move,CP_LST_best_move,CP_Stockfish_best_move,move_LST,correct_LST,%win_LST_move_LST,%win_Stockfish_move_LST,CP_LST_move_LST,CP_Stockfish_move_LST,move_Stockfish,correct_Stockfish,%win_LST_move_Stockfish,%win_Stockfish_move_Stockfish,CP_LST_move_Stockfish,CP_Stockfish_move_Stockfish
r3r3/5Rpp/p1k5/P1p5/7N/6P1/2p2P1P/2R3K1 b - - 0 1,Re1+,e8e1,001CBP,0.12230485657953508,0.5,-535,0,e8e2,False,0.2344205817028326,0.4009888189823705,-321,-109,e8e1,True,0.12230485657953508,0.5,-535,0
r2qr1k1/1b1n1p1p/pp1Q1np1/2pp4/3P4/2N1P3/PP1B1PPP/1BR2RK1 b - - 0 1,Re5,e8e5,002CBP,0.14623315414695826,0.5928047194327711,-479,102,a8c8,False,0.4586012686328699,0.44226590014833245,-45,-63,e8e5,True,0.14623315414695826,0.5928047194327711,-479,102
7r/p4pk1/bpBqp1p1/8/1P1b3P/P4Q1P/2R2P2/2R3K1 w - - 0 1,b5,b4b5,003CBP,0.6403430350341504,0.7075881993130916,156,240,b4b5,True,0.6403430350341504,0.7075881993130916,156,240,b4b5,True,0.6403430350341504,0.7075881993130916,156,240
4r1k1/5Rp1/1p2r2p/7P/2PQnB1q/4P3/6P1/5RK1 b - - 0 1,Kxf7,g8f7,004CBP,0.2726757334874159,0.17453266737981438,-266,-422,e4f6,False,0.47337756869033143,0.14540801215840354,-28,-481,h4g4,False,0.4019694687953428,0.46874313267512907,-107,-34
2r3k1/4bppp/p3p3/q1n1P1PP/1pQ2P2/5B2/PPb5/K1NR2R1 b - - 0 1,Qa4,a5a4,005CBP,0.4924734538433181,0.5722126153120402,-8,79,c2d1,False,0.5377723170455873,0.5046024700028845,41,5,a5a4,True,0.4924734538433181,0.5722126153120402,-8,79
r4rk1/pb3pp1/1p1ppq1p/8/2PR3n/P1N1P1P1/1PQ1BP1P/5RK1 b - - 0 1,Qf3,f6f3,006CBP,0.19942293902508013,0.8818863274708717,-377,546,h4f3,False,0.6201758797432526,0.497238468079986,133,-3,f6f3,True,0.19942293902508013,0.8818863274708717,-377,546
1br3k1/5pp1/p3p2p/1bBn4/N7/1P3PP1/5R1P/2R3K1 b - - 0 1,Bxa4,b5a4,007CBP,0.602227152979879,0.5910258971916128,112,100,b5a4,True,0.602227152979879,0.5910258971916128,112,100,b5a4,True,0.602227152979879,0.5910258971916128,112,100
8/2p1q2k/3p3p/3P1p1n/3QpPrP/2P1N1PK/1r6/5RR1 b - - 0 1,Rxh4+,g4h4,008CBP,0.30612209971132387,0.9999838761317534,-222,2997,h5g3,False,0.7269718250376656,0.5165632973121441,265,18,e7h4,False,0.4835438112668271,0.9999838761317534,-17,2997
5k2/7p/pr1pB1p1/2pP4/1P6/6PP/R3qP2/R5K1 b - - 0 1,Qe4,e2e4,009CBP,0.5990725001987784,0.7068257687656249,109,239,e2d3,False,0.6014707451707348,0.5767131009559461,111,84,e2e4,True,0.5990725001987784,0.7068257687656249,109,239
2r3r1/p1q2p1k/1p1p1p1p/n3pP2/3PPN1Q/P4R2/6PP/R5K1 b - - 0 1,Qc4,c7c4,010CBP,0.5830500246142104,0.7091095639886315,91,242,e5f4,False,0.6713690845595384,0.18153670008412837,194,-409,c7c4,True,0.5830500246142104,0.7091095639886315,91,242
b1rqk2r/3nbppp/4pn2/p1p3N1/Np1P4/3BP2Q/PP1B1PPP/2R2RK1 w k - 0 1,Bg6,d3g6,011CBP,0.38916552091635026,0.6975866953111407,-122,227,e3e4,False,0.5752672146003968,0.5829922971166973,82,91,d3g6,True,0.38916552091635026,0.6975866953111407,-122,227
r3k2r/p4p1p/q2p1npQ/4P3/1pnR4/1N3N1P/PpP2PP1/1K1R4 b kq - 0 1,Rc8,a8c8,012CBP,0.2068131812157361,0.4659933421436654,-365,-37,d6e5,False,0.42136949354775366,0.40808439067529095,-86,-101,a8c8,True,0.2068131812157361,0.4659933421436654,-365,-37
r3k2r/p4p1p/q2p1npQ/8/1pnRP3/1N3N1P/PpP2PP1/1K1R4 w kq - 0 1,Qg7,h6g7,013CBP,0.6489553106505492,0.7320812691889782,166,273,d4c4,False,0.6806874610736549,0.5640820298184349,205,70,h6g7,True,0.6489553106505492,0.7320812691889782,166,273
2b2rk1/2p1qpp1/1r5n/1p1Bp2N/p3P3/3P1P2/PP1Q2P1/2R1K2R w K - 0 1,Rxc7,c1c7,014CBP,0.2561506777054514,0.7497463301445308,-289,298,g2g4,False,0.5891050420064321,0.6104522820914586,97,122,c1c7,True,0.2561506777054514,0.7497463301445308,-289,298
5rk1/p3bppp/b1n1pn2/2p5/Pp3BPq/5P2/1PQ1P1BP/RN1R2K1 w - - 0 1,Bg3,f4g3,015CBP,0.344689516215595,0.6680980166875132,-174,190,e2e3,False,0.36228086356921163,0.2901315068241716,-153,-243,f4g3,True,0.344689516215595,0.6680980166875132,-174,190
4q3/6pk/3Q4/3n3p/P1Rr1p1P/1P1p1P2/3N2PK/8 b - - 0 1,Qe1,e8e1,016CBP,0.47710288091887687,0.6397788635128212,-24,156,e8e1,True,0.47710288091887687,0.6397788635128212,-24,156,e8e1,True,0.47710288091887687,0.6397788635128212,-24,156
2b4r/3k1ppp/p2N4/Q3P3/2pb4/8/P5qP/1R2KR2 b - - 0 1,Qc2,g2c2,017CBP,0.53542593872643,0.6858096201223898,38,212,g2c2,True,0.53542593872643,0.6858096201223898,38,212,g2c2,True,0.53542593872643,0.6858096201223898,38,212
4rrk1/R5pp/3qp3/1p1b1p1P/5n2/2P1QN2/1PB2PP1/3R2K1 w - - 0 1,h6,h5h6,018CBP,0.6588598739068641,0.7349601640218837,178,277,h5h6,True,0.6588598739068641,0.7349601640218837,178,277,h5h6,True,0.6588598739068641,0.7349601640218837,178,277
6rr/1b1pk3/5p2/p3p1q1/PP2Pn2/3BRQ2/NP3RPP/7K b - - 0 1,Nxd3,f4d3,019CBP,0.489515759357543,0.4196956162806843,-11,-88,h8h3,False,0.8086478505992645,0.6507349938882695,391,169,h8h3,False,0.8086478505992645,0.6507349938882695,391,169
2b2r2/5pk1/1q1p1Np1/p5Q1/1p1PP1P1/7P/1P6/5RK1 w - - 0 1,Ne8+,f6e8,020CBP,0.5046616640115631,0.7997066738661006,5,376,f6h5,False,0.7405144514062716,0.8222615260136764,284,416,f6h5,False,0.7405144514062716,0.8222615260136764,284,416
2kr3r/p1bb2pp/2p5/4pq2/B1N1R3/BPPQ4/P5PP/7K w - - 0 1,Nd6+,c4d6,021CBP,0.7376972476495229,0.5027615319200139,280,3,c4d6,True,0.7376972476495229,0.5027615319200139,280,3,c4e3,False,0.4110019416121964,0.7225890732124075,-97,260
r2qk2r/1p3ppp/p1n1b3/3N4/3p4/BP4P1/P3PPBP/R1Q2nK1 w kq - 0 1,Nf6+,d5f6,022CBP,0.3897777379570456,0.5,-121,0,d5f4,False,0.5532255677225196,0.5064432832995209,58,7,d5f4,False,0.5532255677225196,0.5064432832995209,58,7
5rk1/7p/p3N1n1/1p2P2r/2pQ1p1q/7p/PPP2PP1/3RR1K1 w - - 0 1,Qd7,d4d7,023CBP,0.48322262613282874,0.6786254827184693,-18,203,d4a7,False,0.5034165073465999,0.42508560971233006,3,-82,d4d7,True,0.48322262613282874,0.6786254827184693,-18,203
2r3k1/p4ppp/5n2/Pq1bQ3/2p5/4P3/1B2BPPP/3R2K1 w - - 0 1,Qf5,e5f5,024CBP,0.5472328660369561,0.7882656217191824,51,357,b2c3,False,0.6231615089193963,0.6329626589047256,136,148,e5f5,True,0.5472328660369561,0.7882656217191824,51,357
2rq2k1/4P2p/p5pB/1p2np2/1P2r3/P1N5/1P3QPP/3R3K b - - 0 1,Qxd1+,d8d1,025CBP,0.4977655826632219,0.7672760967619577,-2,324,d8d1,True,0.4977655826632219,0.7672760967619577,-2,324,d8d1,True,0.4977655826632219,0.7672760967619577,-2,324
4r3/1r2n1k1/3Np1p1/4P3/1pP2P2/p2p2Q1/PP4P1/1K6 b - - 0 1,Rh8,e8h8,026CBP,0.32744608674234077,0.5,-195,0,e8h8,True,0.32744608674234077,0.5,-195,0,e8h8,True,0.32744608674234077,0.5,-195,0
4rrk1/p2q2bp/1p4p1/3pn1B1/8/1P3PN1/P2R2PP/3QR1K1 w - - 0 1,Re4,e1e4,027CBP,0.49798023639911754,0.6858096201223898,-2,212,d2d5,False,0.55920748434797,0.12358976412903044,64,-532,e1e4,True,0.49798023639911754,0.6858096201223898,-2,212
3q1r1k/rbN1p2p/3pQ1p1/2p3N1/8/1P4PP/Pb3P2/R2R2K1 w - - 0 1,Qf7,e6f7,028CBP,0.39849055131477895,0.7718467521712883,-111,331,c7b5,False,0.45147903395137673,0.4341080334601539,-52,-72,e6f7,True,0.39849055131477895,0.7718467521712883,-111,331
6k1/p1b3pp/2p5/2Pp2qb/1Q2p3/1P2r3/PBR3PP/1N3BK1 b - - 0 1,Rh3,e3h3,029CBP,0.6028271108170653,0.7789006509604562,113,342,e3f3,False,0.6203535080830856,0.6858096201223898,133,212,e3h3,True,0.6028271108170653,0.7789006509604562,113,342
5rk1/p4p1p/r2pb1pQ/q3p3/1p2P1PP/1P3P2/PP6/1KNR3R b - - 0 1,Bxb3,e6b3,030CBP,0.248420125420032,0.8206413947214363,-300,413,f7f6,False,0.508483849389239,0.5009205189599892,9,1,e6b3,True,0.248420125420032,0.8206413947214363,-300,413
r6Q/pp1bk3/6p1/3pp3/7R/5PP1/Pq2n3/1BR4K w - - 0 1,Rh7+,h4h7,031CBP,0.6197676004171626,0.9999837569566628,132,2995,h8g7,False,0.6692819568551727,0.5,191,0,h4h7,True,0.6197676004171626,0.9999837569566628,132,2995
6k1/pp3p1p/4p1pP/1b1pP3/1P3P2/2K2N2/1P1R2P1/q4B1R w - - 0 1,Kd4,c3d4,032CBP,0.4866698138971659,0.5431567852197504,-14,47,f1b5,False,0.5576520135941508,0.4926363724400336,62,-8,c3d4,True,0.4866698138971659,0.5431567852197504,-14,47
3r3r/pp3pk1/1bp2qp1/3Pp1n1/2B1P1P1/2P2P2/PB2Q1K1/3R3R b - - 0 1,Nh3,g5h3,033CBP,0.4889338438236618,0.711382833072352,-12,245,c6d5,False,0.6471826898292389,0.6069442398881181,164,118,g5h3,True,0.4889338438236618,0.711382833072352,-12,245
3r2r1/1ppbqpk1/p2p1n2/n3p1B1/3PP3/1BP3QP/P1P2PP1/1R2R1K1 w - - 0 1,Bxf6+,g5f6,034CBP,0.38952694569232327,0.8577656698131323,-122,488,f2f4,False,0.6889073594965087,0.6191718321143753,215,132,g5f6,True,0.38952694569232327,0.8577656698131323,-122,488
r4rk1/2p1q1pp/2Pbnp2/p3p3/2B1P1P1/1P2B1P1/2Q2PK1/2R4R w - - 0 1,f4,f2f4,035CBP,0.7188604533409336,0.7371063102310783,254,280,f2f4,True,0.7188604533409336,0.7371063102310783,254,280,h1h2,False,0.6643900965975029,0.7619748627801506,185,316
1qrbr1k1/1b1n1p1p/pp1pp1p1/3N2Pn/2P3Q1/1PB2N1P/P3PPB1/2RR2K1 b - - 0 1,exd5,e6d5,036CBP,0.500309926304388,0.7255317251331461,0,264,e6d5,True,0.500309926304388,0.7255317251331461,0,264,e6d5,True,0.500309926304388,0.7255317251331461,0,264
4r1k1/2pqpNbp/1p4p1/3n1p2/r2P4/1n2P1P1/1B2QPBP/1R1R2K1 w - - 0 1,Nd6,f7d6,037CBP,0.40789770302158046,0.7455783621617914,-101,292,f7e5,False,0.6398291138509327,0.5202403732122675,156,22,f7d6,True,0.40789770302158046,0.7455783621617914,-101,292
r4rk1/1p4pb/p1P4p/P2P4/4pnBq/2Q1N3/5P1P/2R2RK1 b - - 0 1,Bf5,h7f5,038CBP,0.36883838502324773,0.659883343273332,-145,180,b7c6,False,0.5676899346328618,0.5550076484124536,73,60,h7f5,True,0.36883838502324773,0.659883343273332,-145,180
r2q1rk1/pb1nbpp1/1p2pn1p/4N3/2BP1P2/1PN5/PBQ3PP/R4RK1 b - - 0 1,Nxe5,d7e5,039CBP,0.596981912962891,0.7413649232497094,106,286,d7e5,True,0.596981912962891,0.7413649232497094,106,286,d7e5,True,0.596981912962891,0.7413649232497094,106,286
1q2rrk1/p2pb1p1/1p4n1/3N1p1n/2P4p/1P3PP1/PB1QN1KP/R2R4 b - - 0 1,Bb4,e7b4,040CBP,0.326756735544356,0.6968093609074746,-196,226,e7g5,False,0.5289200490593051,0.47608474251652944,31,-26,e7b4,True,0.326756735544356,0.6968093609074746,-196,226
2Q1R3/5qbk/1p1r4/1P6/P3p1N1/4P2p/5P1K/8 w - - 0 1,Qa8,c8a8,041CBP,0.6202240821832072,0.36532817385496535,133,-150,c8a8,True,0.6202240821832072,0.36532817385496535,133,-150,f2f4,False,0.3617870723370853,0.41253886284800134,-154,-96
3r2k1/2rP1p1p/1p4p1/pB1Q4/P4q2/4p3/1PPN3P/1K3R2 b - - 0 1,Rcxd7,c7d7,042CBP,0.287179205912345,0.6139489294360486,-246,126,c7d7,True,0.287179205912345,0.6139489294360486,-246,126,c7d7,True,0.287179205912345,0.6139489294360486,-246,126
r2N3k/1b4p1/1p5p/8/1p2qP2/1B5P/1P1Q2PK/8 b - - 0 1,Bd5,b7d5,043CBP,0.1513488306951516,0.821182717036527,-468,414,e4g2,False,0.6896129625277183,0.45319095389262815,216,-51,b7d5,True,0.1513488306951516,0.821182717036527,-468,414
2r2rk1/1q3p1p/n2bp3/p2pNpP1/2P2P1B/8/PP4QP/1K1R3R w - - 0 1,g6,g5g6,044CBP,0.48679844601448213,0.6697289417427889,-14,192,g5g6,True,0.48679844601448213,0.6697289417427889,-14,192,g5g6,True,0.48679844601448213,0.6697289417427889,-14,192
2qr2k1/p2nQpp1/3Rp3/1Pp5/P1P2N2/7P/b4PP1/6K1 w - - 0 1,Nd3,f4d3,045CBP,0.5128427206554704,0.7441789207783136,13,290,f4h5,False,0.5730821723415379,0.4843562675785791,79,-17,f4d3,True,0.5128427206554704,0.7441789207783136,13,290
r4rk1/3n1ppp/p1p2n2/qp1pp3/1bPP4/1PNBP2P/P2BQPP1/2R2RK1 w - - 0 1,a3,a2a3,046CBP,0.5696747479751696,0.613075853553636,76,125,a2a3,True,0.5696747479751696,0.613075853553636,76,125,a2a3,True,0.5696747479751696,0.613075853553636,76,125
8/6pk/5n1p/1P2qp2/4r3/4NQ1P/4R1P1/7K b - - 0 1,Rf4,e4f4,047CBP,0.625343163248403,0.7371063102310783,139,280,e4f4,True,0.625343163248403,0.7371063102310783,139,280,f5f4,False,0.6073893680889831,0.7820549023054933,118,347
r2qk2r/pp2bp2/1np1b1pn/3p4/3P2P1/2N1P1BN/PP2BP2/R2QK2R b KQkq - 0 1,Nxg4,h6g4,048CBP,0.2948766933000781,0.5477213400816676,-236,52,e7h4,False,0.4641693922568081,0.5431567852197504,-38,47,h6g4,True,0.2948766933000781,0.5477213400816676,-236,52
r1br2k1/ppq1bppp/4pn2/6B1/3N4/3Q1B2/PPP2PPP/R2R2K1 w - - 0 1,Nb5,d4b5,049CBP,0.513387516566282,0.5928047194327711,14,102,d3b3,False,0.5258975324174766,0.5229967635676993,28,25,d4b5,True,0.513387516566282,0.5928047194327711,14,102
2k2r2/ppp3p1/8/3Pp2p/3n2nq/2NQ2PP/PPPP4/R1B3KR b - - 0 1,Ne2+,d4e2,050CBP,0.14703308159374018,0.8635062229486782,-477,501,h4f6,False,0.5243069420483057,0.2878617610188755,26,-246,d4e2,True,0.14703308159374018,0.8635062229486782,-477,501
2r5/1p3p1p/pq1p1kpQ/3Pp2P/8/nP6/P1B2P2/2K3RR w - - 0 1,Qg5+,h6g5,051CBP,0.6460020354423648,0.29393782392203827,163,-238,h6g5,True,0.6460020354423648,0.29393782392203827,163,-238,h6e3,False,0.26812687726446116,0.316575437139995,-272,-209
2r2r1k/1P3pbp/8/5p2/1p3P2/n7/PP5P/K1Q3R1 b - - 0 1,Rc2,c8c2,052CBP,0.8121744300984552,0.8200987926971613,397,412,c8c2,True,0.8121744300984552,0.8200987926971613,397,412,c8c2,True,0.8121744300984552,0.8200987926971613,397,412
1k6/pbp3Np/1n1r2p1/2p1Q3/2P2P2/1PB5/PK4PP/3q1B1R b - - 0 1,Na4+,b6a4,053CBP,0.6174286947278196,0.9999835765404286,129,2992,b6a4,True,0.6174286947278196,0.9999835765404286,129,2992,b6a4,True,0.6174286947278196,0.9999835765404286,129,2992
r4r1k/p1pnNppp/1p6/4p1B1/3P4/PnP3QR/2q3PP/4R1K1 w - - 0 1,Qg4,g3g4,054CBP,0.7055654506538187,0.7490548382601366,237,297,g3g4,True,0.7055654506538187,0.7490548382601366,237,297,g3g4,True,0.7055654506538187,0.7490548382601366,237,297
2r3k1/1b1p3p/1p1bp3/5N2/p1P2r1q/P1Q4P/1P1R2PK/3R1B2 b - - 0 1,Rf3+,f4f3,055CBP,0.41314039095284727,0.7672760967619577,-95,324,f4f5,False,0.6713903857801289,0.5394998785122574,194,43,f4f3,True,0.41314039095284727,0.7672760967619577,-95,324
3r1k1Q/3n1Pp1/p3p3/1p1q1p2/8/2r3PK/P1PPR2P/R7 b - - 0 1,Ke7,f8e7,056CBP,0.4020212374038181,0.477921885909709,-107,-24,f8f7,False,0.582762885387968,0.522078114090291,90,24,f8f7,False,0.582762885387968,0.522078114090291,90,24
3r1k2/3n1Pp1/p3p3/1p1q1p1Q/8/2r3PK/P1PPR2P/R7 w - - 0 1,dxc3,d2c3,057CBP,0.43922953334178216,0.5431567852197504,-66,47,d2c3,True,0.43922953334178216,0.5431567852197504,-66,47,d2c3,True,0.43922953334178216,0.5431567852197504,-66,47
2b1r1r1/4q2k/p2p1bnp/2pP1p2/2P2P2/2N1PR1P/1BQ4K/6RB b - - 0 1,Ne5,g6e5,058CBP,0.5135743917595281,0.676211637485054,14,200,g6h4,False,0.604833470076336,0.5559168418448287,115,61,g6e5,True,0.5135743917595281,0.676211637485054,14,200
2r2rk1/pb1nqp2/1p4p1/4p2p/1PP5/P1BBP2Q/6PP/3R1RK1 w - - 0 1,Bf5,d3f5,059CBP,0.4878273426346176,0.726995752233842,-13,266,d3g6,False,0.6138746703477582,0.5422429789460687,125,46,d3f5,True,0.4878273426346176,0.726995752233842,-13,266
4k2r/1b2bppp/p3p3/1pB5/q3pnP1/2P5/P1P1BQ1P/3R1RK1 w k - 0 1,Rd8+,d1d8,060CBP,0.3896192401246745,0.6217730635233241,-121,135,f2f4,False,0.4044799624579847,0.32864420511660863,-105,-194,d1d8,True,0.3896192401246745,0.6217730635233241,-121,135
2k5/1p3ppp/1p4b1/pB1n4/P2b2P1/5K2/6PP/7R w - - 0 1,Rd1,h1d1,061CBP,0.3771255475219996,0.4742482461063748,-136,-28,h1d1,True,0.3771255475219996,0.4742482461063748,-136,-28,h1d1,True,0.3771255475219996,0.4742482461063748,-136,-28
r2qr1k1/1p1b1p1p/p2p2p1/2pP4/P1N5/2P3nP/4P1B1/R1BQ1RK1 b - - 0 1,Bxh3,d7h3,062CBP,0.49557812822488445,0.5749143902876699,-4,82,d8h4,False,0.5307605937008135,0.4232868990440539,33,-84,d7h3,True,0.49557812822488445,0.5749143902876699,-4,82
r2r2k1/pp2bppp/2q5/2p1N3/2P1n3/P3B1Pb/1PQ2P1P/RN2R1K1 b - - 0 1,Nd2,e4d2,063CBP,0.20743453448173144,0.6975866953111407,-364,227,c6e6,False,0.5007240746728976,0.4733302559691369,0,-29,e4d2,True,0.20743453448173144,0.6975866953111407,-364,227
2Rb2k1/3q1rpp/p3Q3/2N1p3/4P3/3Pp3/1P4PP/1K6 b - - 0 1,Qxc8,d7c8,064CBP,0.3436743564760252,0.5,-175,0,d7e6,False,0.6402808441886734,0.13305894980200939,156,-509,d7c8,True,0.3436743564760252,0.5,-175,0
1r1r3k/pR3p1p/2n2p2/4p1q1/P3P1b1/8/BB3PPP/R4QK1 w - - 0 1,f4,f2f4,065CBP,0.5360931970924114,0.5954683835833042,39,105,b7b8,False,0.570175806981482,0.5468090461073719,76,51,f2f4,True,0.5360931970924114,0.5954683835833042,39,105
6k1/Rb1rqppp/1Q6/1P6/2r5/5P2/5RPP/5NK1 w - - 0 1,Re2,f2e2,066CBP,0.33511179163734894,0.8368320725562275,-186,444,a7a2,False,0.5327184584746972,0.5082839219143761,35,9,f2e2,True,0.33511179163734894,0.8368320725562275,-186,444
4r3/p1bR1pk1/2p1n1p1/2q5/4Pp1P/1Q6/PP3PB1/4B1K1 w - - 0 1,Bb4,e1b4,067CBP,0.5293164781329265,0.6086996650452808,31,120,g2h3,False,0.5495877824105234,0.5731136939018822,54,80,e1b4,True,0.5293164781329265,0.6086996650452808,31,120
2rqr1k1/1b3p1p/p2p2p1/np2b3/4P3/PP5P/2B1NPP1/1RBQR1K1 b - - 0 1,Rxc2,c8c2,068CBP,0.50954772625064,0.6148212729952696,10,127,d6d5,False,0.5735961635821007,0.5486333135073832,80,53,c8c2,True,0.50954772625064,0.6148212729952696,10,127
b4rk1/5ppp/3ppn2/1q6/1p2P3/1B3PQ1/NbPB2PP/1R5K b - - 0 1,d5,d6d5,069CBP,0.46585653525807974,0.5404145195219514,-37,44,b2e5,False,0.5405630663605685,0.5275875538925041,44,30,d6d5,True,0.46585653525807974,0.5404145195219514,-37,44
3Q4/1q3pk1/4p1p1/3pP1N1/2pPbP2/2P3KP/6P1/8 w - - 0 1,Kh4,g3h4,070CBP,0.8062237857495236,0.7925355100291366,387,364,d8f6,False,0.8471666974059442,0.8106779899506587,465,395,d8f6,False,0.8471666974059442,0.8106779899506587,465,395
3r2rk/5ppp/4bR2/pn1pP1QN/2pq2PB/1n5P/6B1/5R1K w - - 0 1,Rh6,f6h6,071CBP,0.6635352288347507,0.5504562746820834,184,55,f6h6,True,0.6635352288347507,0.5504562746820834,184,55,h5f4,False,0.46648233721149324,0.7399503894412024,-36,284
2kr1b1r/1pq2ppp/p3pn2/6B1/2BNb3/8/PPPR1PPP/R2Q2K1 w - - 0 1,Nxe6,d4e6,072CBP,0.5321895883356286,0.7639725089990631,35,319,d1e2,False,0.5337042389123379,0.522078114090291,36,24,d4e6,True,0.5321895883356286,0.7639725089990631,35,319
3r2r1/p3Rbk1/5q2/3P2p1/P2Q2P1/2p2p2/8/4RBK1 w - - 0 1,Rxf7+,e7f7,073CBP,0.36901949205118356,0.7776298320139681,-145,340,d4f6,False,0.41704457531893874,0.4295909740554304,-90,-77,e7f7,True,0.36901949205118356,0.7776298320139681,-145,340
rnbq1rk1/ppp3bp/3p2p1/4pp2/2PPP1n1/2N2N1P/PP2BPP1/R1BQK2R b KQ - 0 1,Nxf2,g4f2,074CBP,0.5051016661677069,0.6243673063917166,5,138,g4f2,True,0.5051016661677069,0.6243673063917166,5,138,g4f2,True,0.5051016661677069,0.6243673063917166,5,138
2r2rk1/ppq3pp/4p3/3pP3/P3n3/P7/R1n2PPP/1BBQ1RK1 b - - 0 1,Nxf2,e4f2,075CBP,0.46351014955537084,0.7666179647685237,-39,323,f8f2,False,0.48797463135265184,0.5,-13,0,e4f2,True,0.46351014955537084,0.7666179647685237,-39,323
3rr1k1/pq3pbp/N1p1pnp1/5b2/3B1P2/2P5/PP3QPP/R3RBK1 b - - 0 1,Ng4,f6g4,076CBP,0.6610858847214116,0.7203693739005184,181,257,f6g4,True,0.6610858847214116,0.7203693739005184,181,257,f6g4,True,0.6610858847214116,0.7203693739005184,181,257
r5k1/1p3ppp/p2r4/4nNqn/B3P3/P4PPb/1B2QK1P/3R3R b - - 0 1,Nf4,h5f4,077CBP,0.2890623153818954,0.5820968656397246,-244,90,d6d1,False,0.3636537843492512,0.32459507444197383,-151,-199,h5f4,True,0.2890623153818954,0.5820968656397246,-244,90
1rb1qr2/p4pk1/1n5p/1n1pP3/NppP1B2/8/P3B1PP/1R1Q1RK1 w - - 0 1,Bxh6+,f4h6,078CBP,0.7500144851785673,0.8106779899506587,298,395,f4h6,True,0.7500144851785673,0.8106779899506587,298,395,f4h6,True,0.7500144851785673,0.8106779899506587,298,395
4rrk1/p1p2p1p/2p3p1/3pPQN1/1bq5/7R/PP3PP1/3R2K1 w - - 0 1,Qf6,f5f6,079CBP,0.3010920650620208,0.6355251419984301,-228,151,f5f3,False,0.43311428337949665,0.299315297273592,-73,-231,f5f6,True,0.3010920650620208,0.6355251419984301,-228,151
r5kr/1ppqb3/p2p4/3PpNPp/4Pp2/5P2/PPPQN3/1K4R1 w - - 0 1,Nxf4,e2f4,080CBP,0.6249955375366627,0.8322565195986901,138,435,e2f4,True,0.6249955375366627,0.8322565195986901,138,435,e2f4,True,0.6249955375366627,0.8322565195986901,138,435
Bn5k/p5bp/3p2p1/1pq5/r7/3QNN2/bPP3PP/2KR3R b - - 0 1,Bc4,a2c4,081CBP,0.25730055082018755,0.7685884778152217,-287,326,g7h6,False,0.2946238652408404,0.28111644742275727,-237,-255,a2c4,True,0.25730055082018755,0.7685884778152217,-287,326
r5k1/pp1rppbp/nqp3p1/8/Q2PP1n1/2N3PP/PP3P2/R1BRN1K1 b - - 0 1,Rxd4,d7d4,082CBP,0.6541082792298889,0.6607092522793869,173,181,d7d4,True,0.6541082792298889,0.6607092522793869,173,181,d7d4,True,0.6541082792298889,0.6607092522793869,173,181
2rq1rk1/1b3ppp/p2b4/1pnPp1P1/4N1Q1/4B2P/PPP2RB1/R5K1 w - - 0 1,Nf6+,e4f6,083CBP,0.6726815807605555,0.6540749558280547,195,173,e4f6,True,0.6726815807605555,0.6540749558280547,195,173,e4d6,False,0.6175508531341646,0.6573997938422768,130,177
r4rk1/ppp1b1pp/2n1p3/4p3/1P6/P1NqP3/1B1P1PPP/R2QK2R b KQ - 0 1,Nd4,c6d4,084CBP,0.36860489436354543,0.6672810362657015,-146,189,a8d8,False,0.5228588297827463,0.4944771046316658,24,-6,c6d4,True,0.36860489436354543,0.6672810362657015,-146,189
2k1r3/Qbp2p1p/2p5/2Prbqp1/2Bp1n2/1P3NP1/PB5P/2KR3R b - - 0 1,Ne2+,f4e2,085CBP,0.40978996260839384,0.7839318121648355,-99,350,d5c5,False,0.44046531848867954,0.4705773918729125,-64,-32,f4e2,True,0.40978996260839384,0.7839318121648355,-99,350
2rr2k1/1b3ppp/p3pn2/8/1bqNP3/2N1BPP1/1P1R1Q1P/2R3K1 b - - 0 1,Bxe4,b7e4,086CBP,0.38615765265581214,0.6532413731006851,-125,172,a6a5,False,0.5424960810712116,0.5540980866051488,46,59,b7e4,True,0.38615765265581214,0.6532413731006851,-125,172
5rk1/pp4b1/3p4/1NpPq1Bp/P1n1P1bP/8/1PQ2NP1/R5K1 b - - 0 1,Bf3,g4f3,087CBP,0.3837721835518423,0.6329626589047256,-128,148,e5g3,False,0.6304824220775591,0.3426002061577233,145,-177,a7a6,False,0.5432416296760666,0.6573997938422768,47,177
r3r1k1/1p3pbp/1qp3p1/p2n4/3Nn3/P3P1P1/1PQB1PBP/2RR2K1 b - - 0 1,Nxf2,e4f2,088CBP,0.4568233537529798,0.5874611371519987,-47,96,g7d4,False,0.5023546264393864,0.6269544312155905,2,141,g7d4,False,0.5023546264393864,0.6269544312155905,2,141
r1b2rk1/1pp1ppbp/4q1pB/8/1p6/3BQN2/1PP2PPP/2KR3R b - - 0 1,Bc3,g7c3,089CBP,0.28215584446684927,0.6515713880482262,-253,170,g7b2,False,0.6629607858595783,0.20867793568510634,183,-362,g7c3,True,0.28215584446684927,0.6515713880482262,-253,170
1rb2r2/1p1n1pk1/2p1n1p1/p3P2p/2qP3R/2N3NP/PP1Q2B1/5RK1 w - - 0 1,Bd5,g2d5,090CBP,0.6938841898025974,0.8106779899506587,222,395,g3h5,False,0.8460823925161768,0.7619748627801506,462,316,g2d5,True,0.6938841898025974,0.8106779899506587,222,395
r4r2/ppp4k/2qpB1pp/7n/3Qn3/2BP4/PPP4P/5R1K w - - 0 1,Bg8+,e6g8,091CBP,0.10213221170357656,0.8967275055826844,-590,587,d4h8,False,0.5064862083159483,0.5,7,0,e6g8,True,0.10213221170357656,0.8967275055826844,-590,587
rnbq1rk1/pp2bppp/5n1B/2pp4/8/2N2NQ1/PPP1PPPP/R3KB1R b KQ - 0 1,Nh5,f6h5,092CBP,0.6281079023289978,0.7106262503410556,142,244,f6h5,True,0.6281079023289978,0.7106262503410556,142,244,f6h5,True,0.6281079023289978,0.7106262503410556,142,244
7r/Bk3p2/3bpP2/3rn3/Rq6/1PR3P1/2Q2P1P/6K1 b - - 0 1,Nf3+,e5f3,093CBP,0.23893277605155916,0.7349601640218837,-314,277,b4b5,False,0.5139886084301781,0.48711557303526726,15,-14,e5f3,True,0.23893277605155916,0.7349601640218837,-314,277
4rrk1/5bpp/3R1p2/2Q5/2p1N3/Pq2P3/6PP/5RK1 w - - 0 1,Rdxf6,d6f6,094CBP,0.28112294015344874,0.5,-254,0,e4d2,False,0.40639229745677596,0.3551455424350716,-102,-162,d6f6,True,0.28112294015344874,0.5,-254,0
6rk/4P1p1/1p5p/5Bb1/p1p1P3/1bB3qP/3Q2P1/R6K w - - 0 1,Bxg7+,c3g7,095CBP,0.48022412133558134,0.9340786082743116,-21,720,c3g7,True,0.48022412133558134,0.9340786082743116,-21,720,c3g7,True,0.48022412133558134,0.9340786082743116,-21,720
b1r5/5k2/pR2p1p1/4B2p/2q2P2/4p2P/P2r2P1/4Q1RK w - - 0 1,Qh4,e1h4,096CBP,0.4564772527214487,0.5321736834106171,-47,35,e1h4,True,0.4564772527214487,0.5321736834106171,-47,35,e1h4,True,0.4564772527214487,0.5321736834106171,-47,35
1r3rk1/p3p2p/3pbpp1/8/2P1NP2/1P2B1P1/PqQ3BP/b4RK1 w - - 0 1,Qb1,c2b1,097CBP,0.39319925324452415,0.6834245628600051,-117,209,c2d1,False,0.5093682086645721,0.5321736834106171,10,35,c2b1,True,0.39319925324452415,0.6834245628600051,-117,209
1kN4r/1P3p2/p2b1P2/4p3/1p2B3/1P2B1P1/2p1qP1P/R5K1 b - - 0 1,Bc5,d6c5,098CBP,0.7833991421718203,0.8317418515310456,349,434,d6c5,True,0.7833991421718203,0.8317418515310456,349,434,d6c5,True,0.7833991421718203,0.8317418515310456,349,434
r3kb1r/pp3ppp/1qp2n2/n2Pp3/Q1p1P3/2N5/PP1B1PPP/R3KB1R w KQkq - 0 1,Nd1,c3d1,099CBP,0.6280993358629483,0.6713557948833915,142,194,c3d1,True,0.6280993358629483,0.6713557948833915,142,194,c3d1,True,0.6280993358629483,0.6713557948833915,142,194
3r2k1/pp2R1bp/6p1/3q1p2/3PbBB1/7P/PP3PP1/4Q1K1 w - - 0 1,Bd1,g4d1,100CBP,0.681779930937282,0.7592933013923162,206,312,g4d1,True,0.681779930937282,0.7592933013923162,206,312,g4d1,True,0.681779930937282,0.7592933013923162,206,312
3r1k2/2qbb1p1/p3ppr1/1p2p3/4P2Q/5B1P/PPPR1P2/1N1R3K w - - 0 1,Qh8+,h4h8,101CBP,0.8877183104702651,0.7434773086886245,561,289,h4h8,True,0.8877183104702651,0.7434773086886245,561,289,h4h8,True,0.8877183104702651,0.7434773086886245,561,289
2r3k1/4p2R/6p1/2q1P1Np/6nP/p2Q4/1PP3P1/1K6 b - - 0 1,a2+,a3a2,102CBP,0.5591703103623331,0.8259971780608774,64,423,a3a2,True,0.5591703103623331,0.8259971780608774,64,423,a3a2,True,0.5591703103623331,0.8259971780608774,64,423
r4kr1/1R2b1p1/p1n1pn2/4p2B/8/2N5/P1PB3P/4KR2 w - - 0 1,Rxf6+,f1f6,103CBP,0.38635924550118295,0.705297423779081,-125,237,c3e4,False,0.577235936925053,0.4431743390334964,84,-62,f1f6,True,0.38635924550118295,0.705297423779081,-125,237
2rr2k1/pb2bppp/1pq1pn2/4P1B1/8/2N5/PPB1QPPP/3RR1K1 w - - 0 1,Qf1,e2f1,104CBP,0.5602431147618301,0.5758139966794447,65,83,e2f1,True,0.5602431147618301,0.5758139966794447,65,83,e2f1,True,0.5602431147618301,0.5758139966794447,65,83
6k1/5p2/3p1Qp1/2qPn2p/1p2P3/pP5P/P4RPK/4rB2 w - - 0 1,g4,g2g4,105CBP,0.1811294682360548,0.41611281849809095,-409,-92,f2f4,False,0.24671266137338715,0.24818682246504542,-303,-301,g2g4,True,0.1811294682360548,0.41611281849809095,-409,-92
3r2k1/5p2/pp2p2p/7P/4BPpq/4BbN1/Pb3Q2/5RK1 b - - 0 1,Rd2,d8d2,106CBP,0.18338183697385935,0.7413649232497094,-405,286,f3e4,False,0.4805931985795895,0.3401166567266681,-21,-180,d8d2,True,0.18338183697385935,0.7413649232497094,-405,286
rnbr2k1/pp2qpp1/8/3p3Q/3N2p1/2R1P3/PP3P1P/4KBR1 w - - 0 1,Bd3,f1d3,107CBP,0.6802587514257945,0.7538685586972206,205,304,f1d3,True,0.6802587514257945,0.7538685586972206,205,304,f1d3,True,0.6802587514257945,0.7538685586972206,205,304
6rk/pp5p/3pN2b/3PPq2/3P4/2Q4P/PP2R2K/5B2 b - - 0 1,Bf4+,h6f4,108CBP,0.2800641349076214,0.22364619396018004,-256,-338,f5f1,False,0.9353203972208028,0.5559168418448287,725,61,f5f1,False,0.9353203972208028,0.5559168418448287,725,61
1r6/2q1k2p/1P3nr1/2p1bQ2/R1B5/4p2P/1P4P1/3R3K b - - 0 1,e2,e3e2,109CBP,0.18813647889291474,0.5248335896523929,-397,27,b8b6,False,0.624945784091341,0.09859535787713025,138,-601,e3e2,True,0.18813647889291474,0.5248335896523929,-397,27
r1bq1r1k/pp4pB/2p2p2/3p2N1/5Q2/2P4P/PPP2nP1/1K1R3R w - - 0 1,Nf7+,g5f7,110CBP,0.5423171397037914,0.7613064029325682,46,315,g5f7,True,0.5423171397037914,0.7613064029325682,46,315,g5f7,True,0.5423171397037914,0.7613064029325682,46,315
2r2k2/1r3Pb1/1q1p4/3Qp1N1/p3P3/7R/PPp5/K1R5 w - - 0 1,Rb3,h3b3,111CBP,0.5786237089875357,0.8943160689326426,86,580,b2b3,False,0.6015591375984286,0.4468118376315084,111,-58,h3b3,True,0.5786237089875357,0.8943160689326426,86,580
8/r1p2pk1/1p1p4/r2Pb1p1/pQ2P1Pp/R3Bq1B/PPR2P2/6K1 w - - 0 1,Qe1,b4e1,112CBP,0.32236679522643175,0.6122020503513589,-201,124,b4d4,False,0.6165750847588638,0.19619673470860033,129,-383,b4e1,True,0.32236679522643175,0.6122020503513589,-201,124
6k1/1b4b1/1q4p1/1P3p2/1r1p3Q/4r2P/NP1RN1P1/3R3K b - - 0 1,Bf6,g7f6,113CBP,0.6139481405868027,0.7469727509866535,125,294,b4b3,False,0.6614818341514686,0.6252304785769166,181,139,g7f6,True,0.6139481405868027,0.7469727509866535,125,294
r3k2r/5p2/3Qpp1p/p3n3/4P1P1/1Np1B3/q1P4P/2KRR3 w kq - 0 1,Rd5,d1d5,114CBP,0.48821524546874073,0.6881849068891515,-12,215,d1d5,True,0.48821524546874073,0.6881849068891515,-12,215,d1d5,True,0.48821524546874073,0.6881849068891515,-12,215
3q1rk1/5p2/2p1pp1p/p2rR3/P2P4/2PQ2P1/5P1P/4R1K1 w - - 0 1,Rxe6,e5e6,115CBP,0.4880505204929952,0.6881849068891515,-12,215,e5e4,False,0.5228588993241033,0.5229967635676993,24,25,e5e6,True,0.4880505204929952,0.6881849068891515,-12,215
r1r1b1kb/p3pp1p/2np2pB/qp1N4/2n1PQN1/1B5P/PPP2PP1/R3R1K1 b - - 0 1,Qd8,a5d8,116CBP,0.28893123136105303,0.33027105825721115,-244,-192,h8b2,False,0.3329403360619039,0.32217808052909447,-188,-202,a5d8,True,0.28893123136105303,0.33027105825721115,-244,-192
1k1r1b1r/pp1n1p2/1qp3n1/1N3N2/PP5p/6P1/2Q1PPB1/R1R3K1 w - - 0 1,a5,a4a5,117CBP,0.4070844188412429,0.7091095639886315,-102,242,b5d4,False,0.5522322869356876,0.6540749558280547,56,173,a4a5,True,0.4070844188412429,0.7091095639886315,-102,242
3nk2r/2p2p1p/6p1/p3q3/1Q2P3/P1N2r2/1P3P1P/3RK2R w Kk - 0 1,Qa4+,b4a4,118CBP,0.5369005788215855,0.8089768011390678,40,392,b4a4,True,0.5369005788215855,0.8089768011390678,40,392,b4a4,True,0.5369005788215855,0.8089768011390678,40,392
3r1r1k/1pq4p/p1p3RQ/2p1n3/2BPPp2/2P2P2/1P5P/3R3K w - - 0 1,Rf6,g6f6,119CBP,0.5917115478038837,0.8652328748321795,100,505,g6f6,True,0.5917115478038837,0.8652328748321795,100,505,g6f6,True,0.5917115478038837,0.8652328748321795,100,505
r7/1Npb2rk/p5n1/P2Pp2q/1b2Ppp1/6P1/R1Q2B1P/3R1BK1 b - - 0 1,Nh4,g6h4,120CBP,0.6148421471907294,0.6729785473928086,127,196,g6h4,True,0.6148421471907294,0.6729785473928086,127,196,g6h4,True,0.6148421471907294,0.6729785473928086,127,196
1q1rr1k1/5p1p/p5p1/1p1N4/4P3/P4PnP/1P4PK/2RQR3 w - - 0 1,Nf6+,d5f6,121CBP,0.46840817384617506,0.5695065266470701,-34,76,h2g1,False,0.6267176733461551,0.5758139966794447,140,83,h2g1,False,0.6267176733461551,0.5758139966794447,140,83
r2r2k1/pppq1pbn/6pp/2QNp3/2PnP1b1/1P3NP1/PB3PBP/R2R2K1 w - - 0 1,Nxe5,f3e5,122CBP,0.6046436592119478,0.6278152022123592,115,142,f3e5,True,0.6046436592119478,0.6278152022123592,115,142,f3e5,True,0.6046436592119478,0.6278152022123592,115,142
r3r1k1/pp1bqpp1/5n1B/7Q/2nN4/2P5/P1B3PP/2R2RK1 w - - 0 1,Rxf6,f1f6,123CBP,0.6021509925303583,0.742774437476965,112,288,f1f6,True,0.6021509925303583,0.742774437476965,112,288,f1f6,True,0.6021509925303583,0.742774437476965,112,288
1k1N1r2/p2n2pp/1bR5/4P2q/6b1/1Q1p2P1/PP1B1P1P/4R1K1 b - - 0 1,Qxh2+,h5h2,124CBP,0.3788626249152216,0.5,-134,0,f8d8,False,0.41285769061946287,0.49539752999711567,-95,-5,g4f3,False,0.2995031603945719,0.5,-230,0
1k1r1r2/p2n1Npp/1bR5/4P2q/6b1/1Q1p2P1/PP1B1P1P/4R1K1 w - - 0 1,Nxd8,f7d8,125CBP,0.27582127274742163,0.519321294202434,-262,21,e5e6,False,0.5762045072488151,0.4815979155878063,83,-20,f7d8,True,0.27582127274742163,0.519321294202434,-262,21
r1br2k1/1pp1npp1/p2q1n1p/3Np3/4P3/1BP2N1P/PP2QPP1/R3R1K1 w - - 0 1,Nf4,d5f4,126CBP,0.6142298875984554,0.6754049255580261,126,199,d5f4,True,0.6142298875984554,0.6754049255580261,126,199,d5f4,True,0.6142298875984554,0.6754049255580261,126,199
1n1q1r1k/4r1p1/pp2p1B1/3p2b1/2P1Q3/3R2P1/PP2PP1P/3R2K1 b - - 0 1,Qe8,d8e8,127CBP,0.2628297382305211,0.6826273873604162,-280,208,d5e4,False,0.4309070478247383,0.2340414606810215,-75,-322,d8e8,True,0.2628297382305211,0.6826273873604162,-280,208
2r2nk1/2r3p1/4p3/3pP1NQ/pp1q1PN1/8/P1p4P/5RRK b - - 0 1,Qxg1+,d4g1,128CBP,0.18839021989190297,0.4143247132264411,-396,-94,c2c1q,False,0.2166644732543972,0.11211381938667214,-349,-562,d4g1,True,0.18839021989190297,0.4143247132264411,-396,-94
1r6/R4r1k/3pbPp1/1p1N3q/1Pp1PP2/4Q2p/7P/5R1K w - - 0 1,Rxf7+,a7f7,129CBP,0.5835058745980852,0.7679329346529504,91,325,a7f7,True,0.5835058745980852,0.7679329346529504,91,325,a7f7,True,0.5835058745980852,0.7679329346529504,91,325
1r1r2k1/3bbpp1/p3pn1p/3pN2N/qp1P4/3QP3/1P3PPP/1BR2RK1 w - - 0 1,Rc7,c1c7,130CBP,0.665029824429399,0.7121382389811245,186,246,b2b3,False,0.7994734224546021,0.5812008926446736,375,89,c1c7,True,0.665029824429399,0.7121382389811245,186,246
6k1/5p1p/ppqN4/2pbr1BQ/P4r2/7P/1P4P1/R2R2K1 b - - 0 1,h6,h7h6,131CBP,0.3513747536659291,0.5211593152406621,-166,23,c6d6,False,0.3669836683940386,0.13911864088681591,-148,-495,h7h6,True,0.3513747536659291,0.5211593152406621,-166,23
4N1k1/5p1p/ppqb4/2pbr1BQ/P4r2/7P/1P4P1/R2R2K1 w - - 0 1,Qh6,h5h6,132CBP,0.6032495434874932,0.6414742687583961,113,158,h5h6,True,0.6032495434874932,0.6414742687583961,113,158,e8d6,False,0.5499564751745445,0.7335231920150604,54,275
5rr1/pp2pb1k/2p1q2p/4Pp2/2P2P2/2PB2R1/P5QK/6R1 w - - 0 1,Rg7+,g3g7,133CBP,0.5961546206619843,0.5330902822991305,105,36,g3g7,True,0.5961546206619843,0.5330902822991305,105,36,g3g7,True,0.5961546206619843,0.5330902822991305,105,36
2kr4/pp1rppb1/1qp4p/2pnPPp1/8/3P1N1P/PPPBQ3/1K1R3R b - - 0 1,c4,c5c4,134CBP,0.446705739100683,0.6278152022123592,-58,142,d5c7,False,0.45620246612902576,0.4815979155878063,-47,-20,c5c4,True,0.446705739100683,0.6278152022123592,-58,142
r5k1/2qb1rp1/3pp2p/p6P/1p1NP1Q1/1P3P2/1PP5/2KR2R1 b - - 0 1,a4,a5a4,135CBP,0.6209318000806878,0.649897670785642,134,168,a5a4,True,0.6209318000806878,0.649897670785642,134,168,a5a4,True,0.6209318000806878,0.649897670785642,134,168
8/4bQ1p/p5pk/1p5P/4N3/3pPP2/PPrR2K1/2q5 w - - 0 1,Qxe7,f7e7,136CBP,0.4951765323131241,0.7666179647685237,-5,323,f7f4,False,0.5094628027865014,0.2434088196633245,10,-308,f7e7,True,0.4951765323131241,0.7666179647685237,-5,323
3r4/pk4qP/1b3p2/6p1/8/1P4PQ/6PK/3R4 b - - 0 1,Rxd1,d8d1,137CBP,0.7578304298745868,0.8613217564210567,309,496,d8d1,True,0.7578304298745868,0.8613217564210567,309,496,d8d1,True,0.7578304298745868,0.8613217564210567,309,496
2q3k1/pp3pp1/1n2r2p/B2p4/3Pn3/1Q1B3P/PP2RPP1/6K1 w - - 0 1,Bxb6,a5b6,138CBP,0.5020884258659761,0.6016615267275047,2,112,e2c2,False,0.5718220808811041,0.5413288883579234,78,45,a5b6,True,0.5020884258659761,0.6016615267275047,2,112
r2r2k1/6b1/2bP2Qp/8/8/p5B1/1PB2PqP/1K2R3 b - - 0 1,Bd5,c6d5,139CBP,0.5567866351984634,0.769895677548341,61,328,d8e8,False,0.5711442426766311,0.5,77,0,c6d5,True,0.5567866351984634,0.769895677548341,61,328
r2q1rk1/ppb2pp1/2n3bp/6N1/2BPNB1n/2PQ3P/PP4P1/R4RK1 w - - 0 1,Bxc7,f4c7,140CBP,0.674549134584546,0.7462761887954177,197,293,f4c7,True,0.674549134584546,0.7462761887954177,197,293,f4c7,True,0.674549134584546,0.7462761887954177,197,293
r4k2/pp5p/8/q2BQ3/P7/2p4P/1P4P1/6K1 w - - 0 1,Qf6+,e5f6,141CBP,0.8639797425046948,0.929637748928412,502,701,e5f6,True,0.8639797425046948,0.929637748928412,502,701,e5f6,True,0.8639797425046948,0.929637748928412,502,701
4r1k1/1pq2pp1/p3r3/3p4/3Q3P/2P5/PP2BPK1/3RR3 w - - 0 1,h5,h4h5,142CBP,0.5230778150299433,0.6226385940780689,25,136,d4d3,False,0.6480995067174762,0.467826316589383,165,-35,g2f1,False,0.3969730540983387,0.6465391720148663,-113,164
r3n3/1bqr1pb1/2p4k/1pP5/1P2Q3/7P/1B3PP1/2R1R1K1 w - - 0 1,Rc4,c1c4,143CBP,0.34588623367816496,0.8337929818944791,-173,438,e4h4,False,0.6957088897528927,0.5394998785122574,224,43,c1c4,True,0.34588623367816496,0.8337929818944791,-173,438
r1b2rk1/4bp1p/p3pnp1/q2n2NP/5B2/1BN1P3/1P3PP1/1QKR3R w - - 0 1,hxg6,h5g6,144CBP,0.5735713998046394,0.5695065266470701,80,76,h5g6,True,0.5735713998046394,0.5695065266470701,80,76,h5g6,True,0.5735713998046394,0.5695065266470701,80,76
2kr3r/1pp2pp1/p1p5/4Q3/3p2pq/2P5/PP1N1PP1/R1B1RK2 b - - 0 1,Qh1+,h4h1,145CBP,0.6769576388967762,0.8162646767950037,200,405,h4h1,True,0.6769576388967762,0.8162646767950037,200,405,h4h1,True,0.6769576388967762,0.8162646767950037,200,405
R4br1/1N1k1p2/2p1pq2/7p/1p1PP1pP/1PpB2B1/5PP1/6K1 w - - 0 1,e5,e4e5,146CBP,0.36648089267716666,0.5,-148,0,g3e5,False,0.4648051913704595,0.32057201036650806,-38,-204,e4e5,True,0.36648089267716666,0.5,-148,0
4b1rk/pp3Rb1/4p1Rp/3pq3/P7/2N5/1PP3P1/1K3Q2 w - - 0 1,Qh1,f1h1,147CBP,0.22199185750539385,0.7626420342626421,-340,317,g6g7,False,0.6181404562317403,0.4513666864926168,130,-53,f1h1,True,0.22199185750539385,0.7626420342626421,-340,317
r5rk/ppqn2R1/2p4p/6B1/P2PP3/2P5/Q6P/5RK1 w - - 0 1,Rf6,f1f6,148CBP,0.21975200965662367,0.7913220643148936,-344,362,g5h6,False,0.6019697460847138,0.5,112,0,f1f6,True,0.21975200965662367,0.7913220643148936,-344,362
2r1r1k1/p4qN1/1p3p2/3p1P1p/3P3Q/P6R/3n2PP/5RK1 b - - 0 1,Nxf1,d2f1,149CBP,0.4020712456174851,0.6549075932826014,-107,174,g8g7,False,0.7461644489347119,0.5009205189599892,292,1,d2f1,True,0.4020712456174851,0.6549075932826014,-107,174
5bk1/5ppp/7P/1p1pQ1P1/r3Pp2/2P2P2/q1P5/2KR3R b - - 0 1,d4,d5d4,150CBP,0.4222447168732337,0.649897670785642,-85,168,b5b4,False,0.4403103140891078,0.5211593152406621,-65,23,d5d4,True,0.4222447168732337,0.649897670785642,-85,168
5bk1/5ppp/7P/1p2Q1P1/r2pPp2/2P2P2/q1P5/2KR3R w - - 0 1,Kd2,c1d2,151CBP,0.4336765306805711,0.3450924067173986,-72,-174,c1d2,True,0.4336765306805711,0.3450924067173986,-72,-174,c1d2,True,0.4336765306805711,0.3450924067173986,-72,-174
r2q1rk1/pb2bppp/1p2p3/6PQ/2P1p1N1/1n1PP3/1B3P1P/3K1BR1 b - - 0 1,exd3,e4d3,152CBP,0.5871151624890878,0.6656440579806581,95,187,e6e5,False,0.6466303611514292,0.6515713880482262,164,170,e4d3,True,0.5871151624890878,0.6656440579806581,95,187
r3r3/5ppk/p7/q1p1Q1B1/2pR2b1/P7/1PP3PP/1K5R w - - 0 1,Qd5,e5d5,153CBP,0.41335025135335546,0.49355671670047907,-95,-7,g5e7,False,0.5659238197819692,0.29623554941924907,72,-235,e5d5,True,0.41335025135335546,0.49355671670047907,-95,-7
8/5pp1/p6k/5b2/3p4/P1p2Q2/1Pq3PP/K6R w - - 0 1,bxc3,b2c3,154CBP,0.27562027070585726,0.44226590014833245,-262,-63,b2c3,True,0.27562027070585726,0.44226590014833245,-262,-63,b2c3,True,0.27562027070585726,0.44226590014833245,-262,-63
1k1r3r/bp1n1p2/2B3n1/4qN1p/Pp6/1N4P1/2Q1PP2/1RR3K1 b - - 0 1,Ne7,g6e7,155CBP,0.42705685662265047,0.5998952814867482,-79,110,d8c8,False,0.5690352517212115,0.519321294202434,75,21,g6e7,True,0.42705685662265047,0.5998952814867482,-79,110
r1b2rk1/pp4pp/q3pp2/n1n1N2Q/2p1P3/P1N3P1/1P3PBP/3R1RK1 w - - 0 1,Rd8,d1d8,156CBP,0.5540679917057523,0.5586421525846197,58,64,e5g6,False,0.5827908777719158,0.5695065266470701,90,76,e5g6,False,0.5827908777719158,0.5695065266470701,90,76
3q1r1k/6pp/pR5n/nbpNNp2/4P3/8/B3QPPP/6K1 w - - 0 1,Rxh6,b6h6,157CBP,0.16408848801348097,0.6786254827184693,-442,203,e2d2,False,0.5314961155987784,0.6156928792462818,34,128,b6h6,True,0.16408848801348097,0.6786254827184693,-442,203
2r3k1/pb2r1b1/1ppq2Qp/3pN3/1P1PnPP1/P3PRNP/8/5RK1 w - - 0 1,Nf5,g3f5,158CBP,0.7323037924470928,0.7385308477502253,273,282,g3f5,True,0.7323037924470928,0.7385308477502253,273,282,g3f5,True,0.7323037924470928,0.7385308477502253,273,282
5rk1/1p1QR2p/1q1p3r/p7/2P5/1P1p2P1/P5BP/7K w - - 0 1,Qg4+,d7g4,159CBP,0.5579792269831501,0.6557392814366,63,175,d7g4,True,0.5579792269831501,0.6557392814366,63,175,d7g4,True,0.5579792269831501,0.6557392814366,63,175
5rk1/1p1QR2p/1q1p2r1/p7/2P5/1P1p2P1/P5BP/7K b - - 0 1,Qd4,b6d4,160CBP,0.2478536418441255,0.8522892607055503,-301,476,g6h6,False,0.28559932057996384,0.3509405771225878,-249,-167,b6d4,True,0.2478536418441255,0.8522892607055503,-301,476
r4b1k/p1q2r1p/1p2Q1p1/n1pnP3/7P/2Pb2P1/PP3PBK/R1B1RN2 b - - 0 1,Rxf2,f7f2,161CBP,0.4425685105715462,0.6664630487993781,-62,188,a8d8,False,0.46686849888909815,0.23802513721984941,-36,-316,f7f2,True,0.4425685105715462,0.6664630487993781,-62,188
5rk1/p5p1/b4p2/3P2p1/8/Q3N3/PBpNnqPP/R6K b - - 0 1,Re8,f8e8,162CBP,0.5442478930734886,0.6689139863954203,48,191,c2c1b,False,0.689631761676905,0.5990111810176295,216,109,f8e8,True,0.5442478930734886,0.6689139863954203,48,191
r3kb2/5p2/4bp2/q3p2N/3nP3/Pp2QP2/1P6/1KNR1B2 b q - 0 1,Bxa3,f8a3,163CBP,0.6638883075115203,0.6165637432224795,184,129,f8a3,True,0.6638883075115203,0.6165637432224795,184,129,f8a3,True,0.6638883075115203,0.6165637432224795,184,129
2k5/R1n2p2/8/1ppq1P1p/8/5P2/1P1r2rN/Q3R2K w - - 0 1,Nf1,h2f1,164CBP,0.07339950971617792,0.5,-688,0,a7c7,False,0.21119735790796312,0.44226590014833245,-357,-63,h2f1,True,0.07339950971617792,0.5,-688,0
2k5/R1n2p2/8/1ppq1Prp/8/5P2/1P1r2PN/Q3R2K b - - 0 1,Rgxg2,g5g2,165CBP,0.8346468880990301,0.5,439,0,g5g2,True,0.8346468880990301,0.5,439,0,g5g2,True,0.8346468880990301,0.5,439,0
4k2r/1b1r1pp1/1q3n1p/1B2p3/Q2bP3/8/1P2NPPP/3R1RK1 b k - 0 1,Bxf2+,d4f2,166CBP,0.4222718627622477,0.5248335896523929,-85,27,e8g8,False,0.5699099314017352,0.5486333135073832,76,53,e8g8,False,0.5699099314017352,0.5486333135073832,76,53
2b1r1kr/6p1/p5Pp/P1Nnq2P/1p2p3/8/1PP1Q1B1/1K1R4 w - - 0 1,Bxe4,g2e4,167CBP,0.4809354529925707,0.6303926375862742,-20,145,e2c4,False,0.7372096741576755,0.4623301956955016,280,-41,g2e4,True,0.4809354529925707,0.6303926375862742,-20,145
3r1r2/1p4k1/p1p2q2/2P1b1p1/1PQ1RB2/5KP1/P4P2/7R w - - 0 1,Ke2,f3e2,168CBP,0.28202799816699864,0.5,-253,0,c4e2,False,0.45948152378721485,0.34177138985111283,-44,-178,f3e2,True,0.28202799816699864,0.5,-253,0
r4rk1/p2bnppp/8/q2NPp2/1p2n2P/5NR1/PPPQ2P1/1K1R1B2 w - - 0 1,Qh6,d2h6,169CBP,0.3975991291429182,0.649897670785642,-112,168,d5e7,False,0.7457581842922605,0.6794279896334919,292,204,d5e7,False,0.7457581842922605,0.6794279896334919,292,204
r4rk1/p2bnppp/8/q1nNPp2/1p5P/5NR1/PPPQ2P1/1K1R1B2 b - - 0 1,Nxd5,e7d5,170CBP,0.5882496894467346,0.6431661450174323,96,160,e7d5,True,0.5882496894467346,0.6431661450174323,96,160,e7d5,True,0.5882496894467346,0.6431661450174323,96,160
r2q1rk1/5p1p/p2p1bp1/4pn2/2B5/7R/1PPQ1PPP/2B2R1K w - - 0 1,g4,g2g4,171CBP,0.614579162650409,0.6440107489122191,126,161,g2g4,True,0.614579162650409,0.6440107489122191,126,161,g2g4,True,0.614579162650409,0.6440107489122191,126,161
r6k/p6p/b3PP2/3p1p2/8/2P3R1/qPQ4P/2K5 b - - 0 1,d4,d5d4,172CBP,0.33948567978454314,0.5285051773118131,-180,31,a2a1,False,0.4414726068433765,0.40364496835363256,-63,-106,d5d4,True,0.33948567978454314,0.5285051773118131,-180,31
2r3k1/3bpp1p/3p1npQ/4qN2/rp1NP1P1/5P2/PP5P/1K1R2R1 b - - 0 1,Nxe4,f6e4,173CBP,0.5153039136144538,0.6025436609853058,16,113,f6e8,False,0.5976186195845821,0.5731136939018822,107,80,f6e4,True,0.5153039136144538,0.6025436609853058,16,113
rr4k1/2q1bp1p/b2p2p1/1p4Nn/p1nPP2N/2PB2p1/1P1BQ2P/R4RK1 w - - 0 1,Rxf7,f1f7,174CBP,0.5813497158734318,0.6363776066437299,89,152,f1f7,True,0.5813497158734318,0.6363776066437299,89,152,f1f7,True,0.5813497158734318,0.6363776066437299,89,152
3r1rk1/1bq1bppp/p3pn2/2p5/2P1NP2/1P1B1Q2/PB4PP/1R3RK1 b - - 0 1,Ne8,f6e8,175CBP,0.48177803783945206,0.5101243359708437,-19,11,d8d3,False,0.6200025265556761,0.2774109267875924,132,-260,f6e8,True,0.48177803783945206,0.5101243359708437,-19,11
1rb2rk1/p2n1ppp/4pP2/q2pPnQ1/1p5P/2NB3R/PPP3P1/2KR4 b - - 0 1,h6,h7h6,176CBP,0.6933456228912958,0.5,221,0,h7h6,True,0.6933456228912958,0.5,221,0,h7h6,True,0.6933456228912958,0.5,221,0
1rb2rk1/p2n1ppp/4pP2/q2pPnQ1/1p5P/2N4R/PPP3P1/2KR1B2 w - - 0 1,Bd3,f1d3,177CBP,0.3098570027508849,0.5,-217,0,c3d5,False,0.33093216167023826,0.26864154452347183,-191,-272,f1d3,True,0.3098570027508849,0.5,-217,0
r4r2/ppqn1pk1/3bp1p1/8/P2R4/2p2N2/1P3PPP/R1BQ2K1 b - - 0 1,c2,c3c2,178CBP,0.43667957652707523,0.39130033495471916,-69,-120,d7e5,False,0.4603836117596587,0.3335369512006218,-43,-188,d7f6,False,0.3354268120374666,0.4304934733529298,-185,-76
5r2/ppp3k1/2q2n2/8/3Q2p1/2B2b2/P7/2K1R1R1 w - - 0 1,Re3,e1e3,179CBP,0.5834356060088806,0.5349228039541688,91,38,e1e7,False,0.6359567666562314,0.597241050790976,151,107,e1e5,False,0.6337256053014808,0.6456972666879179,148,163
5r2/ppp3k1/2q2n2/4R3/3Q2p1/2B2b2/P7/2K3R1 b - - 0 1,Rd8,f8d8,180CBP,0.3097535638408271,0.4815979155878063,-217,-20,c6d6,False,0.32192855362048123,0.18707185632643297,-202,-399,f8d8,True,0.3097535638408271,0.4815979155878063,-217,-20
2r1r1k1/5pPp/1p2p3/p2bP3/3Np1PQ/1PB1R3/PKP4P/5q2 b - - 0 1,a4,a5a4,181CBP,0.3954162679902118,0.4341080334601539,-115,-72,c8c3,False,0.4107013700787352,0.4513666864926168,-98,-53,c8c3,False,0.4107013700787352,0.4513666864926168,-98,-53
6k1/1q1b1ppp/3p4/Pp1Pp3/rBr1Q3/5N1P/5PP1/1R2R1K1 w - - 0 1,Qe3,e4e3,183CBP,0.5758597531574108,0.6456972666879179,83,163,e4e3,True,0.5758597531574108,0.6456972666879179,83,163,e4d3,False,0.5086372498459355,0.648220254322344,9,166
6k1/5p2/6p1/1ppPPq2/6n1/1PQ3Pp/4R2P/r3N1K1 b - - 0 1,Rd1,a1d1,184CBP,0.6954650447146511,0.7203693739005184,224,257,a1d1,True,0.6954650447146511,0.7203693739005184,224,257,a1d1,True,0.6954650447146511,0.7203693739005184,224,257
r1b3k1/ppp1q1pp/2n1p3/3pP2P/8/2NB2Q1/PPP3P1/2K2R2 w - - 0 1,Bg6,d3g6,185CBP,0.5232920876463558,0.6269544312155905,25,141,h5h6,False,0.614495943536298,0.4944771046316658,126,-6,d3g6,True,0.5232920876463558,0.6269544312155905,25,141
4rnk1/1b5p/5Q2/3P1B2/8/2p3PP/1q3P2/3R2K1 w - - 0 1,Be6+,f5e6,186CBP,0.4417038484674336,0.7106262503410556,-63,244,f6g5,False,0.49111801265173705,0.7068257687656249,-9,239,f5e6,True,0.4417038484674336,0.7106262503410556,-63,244
4q1k1/3b1pb1/p4np1/2BP4/2N4p/1rN2Q1P/1P1R2P1/4rRK1 b - - 0 1,Bb5,d7b5,187CBP,0.5429253355181267,0.6278152022123592,46,142,e1f1,False,0.5602136576316787,0.511044443209752,65,12,d7b5,True,0.5429253355181267,0.6278152022123592,46,142
r1b1k2r/1p1p1ppp/2nB4/q3p3/2P1n3/1pNQ2P1/PP2PP1P/R3KB1R b KQkq - 0 1,Nxd6,e4d6,188CBP,0.549227894983303,0.5847815132358991,53,93,e4c3,False,0.5558017853724173,0.6440107489122191,60,161,e4c3,False,0.5558017853724173,0.6440107489122191,60,161
3rk3/pp3p2/2p1b1nB/2Q1p2P/2P5/5P2/PPn1NKP1/1q3B1R b - - 0 1,Nf4,g6f4,189CBP,0.3053686353960128,0.49539752999711567,-223,-5,b1e1,False,0.38027952091819595,0.3696073624137258,-132,-145,g6f4,True,0.3053686353960128,0.49539752999711567,-223,-5
r2q3r/1p1bbQ2/4p1Bk/3pP3/1n1P1P2/pP4p1/Pn5P/R1B1R1K1 w - - 0 1,h4,h2h4,190CBP,0.6818425920894811,0.648220254322344,207,166,f4f5,False,0.8860131428869948,0.39305576011188204,556,-118,h2h4,True,0.6818425920894811,0.648220254322344,207,166
r2qk2r/1p1bbp2/4p3/3pP1p1/1n1P1N1p/pP3N2/Pn2QPPP/RBB1R1K1 w kq - 0 1,Ng6,f4g6,191CBP,0.47180666386157444,0.6260928550975975,-30,140,f4g6,True,0.47180666386157444,0.6260928550975975,-30,140,f4g6,True,0.47180666386157444,0.6260928550975975,-30,140
r2q1r1k/1pp3pn/p2p3p/n2N1b2/2BPN2b/7P/1PP2PP1/R1BQR1K1 w - - 0 1,Rxa5,a1a5,192CBP,0.6138153203398733,0.6191718321143753,125,132,a1a5,True,0.6138153203398733,0.6191718321143753,125,132,a1a5,True,0.6138153203398733,0.6191718321143753,125,132
3rr1k1/pq3pbp/N1p1p1p1/5b2/3B1Pn1/2P5/PP1Q2PP/R3RBK1 b - - 0 1,Rxd4,d8d4,193CBP,0.6099692300598045,0.7349601640218837,121,277,e6e5,False,0.6333523749854165,0.6532413731006851,148,172,d8d4,True,0.6099692300598045,0.7349601640218837,121,277
r4b1r/3b1k2/p1N1pp2/3p3P/6q1/1B6/PPPQ4/1K1RR3 w - - 0 1,Bxd5,b3d5,194CBP,0.7051322416848194,0.7413649232497094,236,286,b3d5,True,0.7051322416848194,0.7413649232497094,236,286,b3d5,True,0.7051322416848194,0.7413649232497094,236,286
3r1r2/7R/p2pB1k1/1p1Np3/4P3/1nP5/bPKQ1q2/3R4 w - - 0 1,Ne7+,d5e7,195CBP,0.3297928693020111,0.8518251137238009,-192,475,e6f5,False,0.8840212510341132,0.5,551,0,d5e7,True,0.3297928693020111,0.8518251137238009,-192,475
8/2Q1P1pk/1p5p/p1p2p2/P5r1/1P3bP1/2q2P1P/4R1K1 w - - 0 1,Qc8,c7c8,196CBP,0.3509341394882455,0.8795656272368988,-167,540,e7e8q,False,0.8412691440508953,0.5036820134406647,452,4,c7c8,True,0.3509341394882455,0.8795656272368988,-167,540
r2q2k1/4bp1r/1p2p1p1/p2pP1BN/b1pP2Q1/2n2N2/1P3PP1/2K1R2R b - - 0 1,Ne4,c3e4,197CBP,0.428883102120459,0.4605001214877426,-77,-43,g6h5,False,0.5117373153830229,0.21482343464315956,12,-352,c3e4,True,0.428883102120459,0.4605001214877426,-77,-43
8/P5pk/6p1/6P1/2p2P1p/2P2QnP/3q4/6K1 b - - 0 1,Ne2+,g3e2,198CBP,0.6660042831119524,0.7247978839371,187,263,d2c1,False,0.7770265718163865,0.5,339,0,g3e2,True,0.6660042831119524,0.7247978839371,187,263
r2r2k1/pppq1p1n/6pp/2QNb3/2PnP1b1/1P4P1/PB3PBP/R2R2K1 w - - 0 1,Rxd4,d1d4,199CBP,0.6342998789701437,0.7211104801138942,149,258,d1d4,True,0.6342998789701437,0.7211104801138942,149,258,d1d4,True,0.6342998789701437,0.7211104801138942,149,258
6k1/1q1b1ppp/3p4/Pp1Pp3/1r6/4QN1P/5PP1/4R1K1 w - - 0 1,Qb6,e3b6,200CBP,0.48841245750320894,0.5776116974476763,-12,85,e3a3,False,0.5434990424883367,0.6507349938882695,47,169,e3a3,False,0.5434990424883367,0.6507349938882695,47,169
2b3k1/5ppp/1P1p4/1p1Pp3/1r6/5N1P/5PP1/4R1K1 w - - 0 1,Nxe5,f3e5,201CBP,0.47560077437443316,0.6191718321143753,-26,132,e1c1,False,0.5135548443388184,0.5,14,0,f3e5,True,0.47560077437443316,0.6191718321143753,-26,132
r6k/p6p/b3PP2/5p2/3p4/2P3R1/qPQ4P/2K5 w - - 0 1,e7,e6e7,202CBP,0.4743648422741864,0.392177699072727,-27,-119,c2f5,False,0.4811567348764685,0.2074644899708633,-20,-364,b2b3,False,0.4453072469502809,0.5,-59,0
2r3k1/pb2r1b1/1pp1q1Qp/3pNN2/1P1PnPP1/P3PR1P/8/5RK1 w - - 0 1,g5,g4g5,203CBP,0.6453907301091275,0.7888795193695529,162,358,f5h6,False,0.6656924818648147,0.6737883770370706,187,197,g4g5,True,0.6453907301091275,0.7888795193695529,162,358
r7/5ppk/p7/q1pQ2B1/2pR2b1/P7/1PP3PP/1K2r2R w - - 0 1,Ka2,b1a2,204CBP,0.3986106562669103,0.45501647940453177,-111,-49,h1e1,False,0.5190145125785295,0.4071952805672289,20,-102,b1a2,True,0.3986106562669103,0.45501647940453177,-111,-49
r7/5ppk/p7/2pQ2B1/2p3R1/P7/KPP3PP/4q2r w - - 0 1,Bc1,g5c1,205CBP,0.4276021796510161,0.497238468079986,-79,-3,g4h4,False,0.611067899215044,0.35683385498256776,122,-160,g5c1,True,0.4276021796510161,0.497238468079986,-79,-3
5rrk/pp2pbR1/2p1q2p/4Pp2/2P2P2/2PB4/P5QK/6R1 w - - 0 1,Qg4,g2g4,206CBP,0.2800328055795871,0.8281038651130574,-256,427,d3e2,False,0.5021253574904279,0.5,2,0,g2g4,True,0.2800328055795871,0.8281038651130574,-256,427
r1b2rk1/4bp2/p5p1/q2nB1N1/8/1B2P3/1P3PP1/1QK4R b - - 0 1,Bh3,c8h3,207CBP,0.5698969121114601,0.5928047194327711,76,102,c8h3,True,0.5698969121114601,0.5928047194327711,76,102,c8h3,True,0.5698969121114601,0.5928047194327711,76,102
R4br1/1N1k1p2/2p1p2q/4P2p/1p1P2pP/1PpB2B1/5PP1/6K1 w - - 0 1,Ra7,a8a7,208CBP,0.4666664866465995,0.5,-36,0,a8a7,True,0.4666664866465995,0.5,-36,0,a8a7,True,0.4666664866465995,0.5,-36,0
4b1rk/pp3Rb1/4p1R1/3pq2p/P7/2N5/1PP3P1/1K5Q w - - 0 1,Qc1,h1c1,209CBP,0.2725789010137878,0.8595531287770796,-266,492,h1f1,False,0.4567005739082828,0.46324561670945996,-47,-40,h1c1,True,0.2725789010137878,0.8595531287770796,-266,492
2r1N1k1/p4q2/1p3p2/3p1P1p/3P3Q/P6R/6PP/5nK1 b - - 0 1,Rc1,c8c1,210CBP,0.2303253168560646,0.6217730635233241,-327,135,f7e8,False,0.5666297212644249,0.5504562746820834,72,55,c8c1,True,0.2303253168560646,0.6217730635233241,-327,135
