FEN,Moves,Moves_UCI,%win_LST_best_move,%win_Stockfish_best_move,CP_LST_best_move,CP_Stockfish_best_move,move_LST,correct_LST,%win_LST_move_LST,%win_Stockfish_move_LST,CP_LST_move_LST,CP_Stockfish_move_LST,move_Stockfish,correct_Stockfish,%win_LST_move_Stockfish,%win_Stockfish_move_Stockfish,CP_LST_move_Stockfish,CP_Stockfish_move_Stockfish
1r3rk1/p1n2ppp/b7/P1p1P3/1pNbN3/1P4PB/5P1P/2RR2K1 w - - 0 1,Ncd6,c4d6,0.637680802851238,0.6672810362657015,153,189,c4d6,True,0.637680802851238,0.6672810362657015,153,189,c4d6,True,0.637680802851238,0.6672810362657015,153,189
5rk1/4qpbp/1p2r1p1/pNp1n3/2Pp2P1/3P3P/PP1BPRQ1/5RK1 b - - 0 1,g5,g6g5,0.5764300640989735,0.6689139863954203,83,191,g6g5,True,0.5764300640989735,0.6689139863954203,83,191,g6g5,True,0.5764300640989735,0.6689139863954203,83,191
8/1prr1pkp/4nRp1/2qB2P1/pp2P1PP/P5Q1/1P6/1K3R2 w - - 0 1,axb4,a3b4,0.6805916757369204,0.6754049255580261,205,199,a3b4,True,0.6805916757369204,0.6754049255580261,205,199,a3b4,True,0.6805916757369204,0.6754049255580261,205,199
r4r1k/p1pb4/1p1p3p/3Pq3/2P2p2/3pBN2/PPQ2P1P/6RK w - - 0 1,Qxd3,c2d3,0.6456388220744094,0.6640030811678618,162,185,c2d3,True,0.6456388220744094,0.6640030811678618,162,185,c2d1,False,0.3473005387825596,0.7349601640218837,-171,277
2k4r/2p2rpp/3b1n2/Npp1p1B1/4P3/3R1P2/PP3P1P/3R2K1 w - - 0 1,Rb3,d3b3,0.5867812506441843,0.5936932221056321,95,103,a2a4,False,0.6024894639112851,0.5513672504375507,112,56,d3b3,True,0.5867812506441843,0.5936932221056321,95,103
3r1rk1/b2qnpp1/p1pp3p/4p3/P1P1P3/BN4P1/4PPKP/1R1Q1R2 b - - 0 1,c5,c6c5,0.49053935044862973,0.5147240615881282,-10,16,c6c5,True,0.49053935044862973,0.5147240615881282,-10,16,c6c5,True,0.49053935044862973,0.5147240615881282,-10,16
r2qnrk1/1pp1bppp/p7/3Pp1B1/4P3/P1N2Q2/1P3PPP/2RR2K1 w - - 0 1,Bxe7,g5e7,0.5534476224388827,0.5303398401818216,58,33,g5e3,False,0.5628178834455811,0.5504562746820834,68,55,g5e3,False,0.5628178834455811,0.5504562746820834,68,55
r1q4k/1p3rp1/2pnbp1p/2N5/PR1Pp1P1/4P2P/1Q3PB1/3R2K1 w - - 0 1,Nxe6,c5e6,0.5672318388725036,0.5990111810176295,73,109,c5e6,True,0.5672318388725036,0.5990111810176295,73,109,c5e6,True,0.5672318388725036,0.5990111810176295,73,109
rr6/3nnpk1/2q1b1pp/p1ppP3/PpP2Q1P/5N2/1PBN1PP1/R3R1K1 b - - 0 1,b3,b4b3,0.44135843890873216,0.4259857125367345,-63,-81,b4b3,True,0.44135843890873216,0.4259857125367345,-63,-81,b4b3,True,0.44135843890873216,0.4259857125367345,-63,-81
2rq1rk1/3nbp1p/p1b1p3/1pp2p2/2PP4/1P3NP1/P2NQPBP/3R1RK1 w - - 0 1,d5,d4d5,0.6102791051058327,0.607822300927273,121,119,d4d5,True,0.6102791051058327,0.607822300927273,121,119,d4d5,True,0.6102791051058327,0.607822300927273,121,119
3q1r1k/4nnbp/pr1p2p1/2pP4/R3NPP1/7P/1P6/3QRBBK w - - 0 1,b4,b2b4,0.6072388760655785,0.7320812691889782,118,273,b2b3,False,0.6468109667616417,0.613075853553636,164,125,b2b4,True,0.6072388760655785,0.7320812691889782,118,273
br2rbk1/2qn1ppp/2pp4/p7/1pP1P3/1B1NBP2/PPQ3PP/3RR1K1 w - - 0 1,c5,c4c5,0.6208310217860991,0.6260928550975975,133,140,c4c5,True,0.6208310217860991,0.6260928550975975,133,140,c4c5,True,0.6208310217860991,0.6260928550975975,133,140
r1bqk2r/1p3pbp/p1nppnp1/8/2P1P3/1NNB4/PP3PPP/R1BQ1RK1 w kq - 0 1,Be2,d3e2,0.5790965718504621,0.5865684965842631,86,95,d3e2,True,0.5790965718504621,0.5865684965842631,86,95,c1g5,False,0.5752269066103557,0.5901355884591462,82,99
r3r3/2nq1pbk/p2p2pp/2pP4/Pp2PP2/6B1/1P1Q2PP/3NRRK1 b - - 0 1,f5,f7f5,0.5575365049290744,0.6414742687583961,62,158,f7f5,True,0.5575365049290744,0.6414742687583961,62,158,f7f5,True,0.5575365049290744,0.6414742687583961,62,158
2rq1rk1/5ppp/1p2p3/1PnbP3/p1RN3b/P3B2P/4BPP1/3Q1RK1 w - - 0 1,Nc6,d4c6,0.5720022845004149,0.6086996650452808,78,120,d4c6,True,0.5720022845004149,0.6086996650452808,78,120,d4c6,True,0.5720022845004149,0.6086996650452808,78,120
2r3k1/2q1bpp1/2n1p1n1/1p1rP2p/3pQ2P/3N1N2/PP1B1PP1/2R1R1K1 w - - 0 1,g4,g2g4,0.6287727171103462,0.7203693739005184,143,257,c1c2,False,0.6298879021058512,0.648220254322344,144,166,g2g4,True,0.6287727171103462,0.7203693739005184,143,257
1n3rk1/1bq1npbp/1p4p1/2p1p3/1PPp4/1Q1PPNP1/1B1N1PBP/R5K1 b - - 0 1,dxe3,d4e3,0.5518907114867486,0.5776116974476763,56,85,d4e3,True,0.5518907114867486,0.5776116974476763,56,85,d4e3,True,0.5518907114867486,0.5776116974476763,56,85
1r1r2k1/1b1nqpb1/1pp1p1pp/p7/N2P4/PQ2PN2/1P2BPPP/2RR2K1 b - - 0 1,c5,c6c5,0.5632572680684605,0.5586421525846197,69,64,c6c5,True,0.5632572680684605,0.5586421525846197,69,64,c6c5,True,0.5632572680684605,0.5586421525846197,69,64
r1bqr1k1/1p4bp/2pp2p1/p1n1pp1n/2P1P3/1PNPB1PP/P2QNPB1/R4RK1 w - - 0 1,exf5,e4f5,0.5842155124595474,0.5998952814867482,92,110,e4f5,True,0.5842155124595474,0.5998952814867482,92,110,e4f5,True,0.5842155124595474,0.5998952814867482,92,110
1nbq1rk1/1pp2ppp/3p1n2/4p3/1PP5/2Q2NP1/3PPP1P/B3KB1R b K - 0 1,b5,b7b5,0.4783294672928888,0.497238468079986,-23,-3,b7b5,True,0.4783294672928888,0.497238468079986,-23,-3,b7b5,True,0.4783294672928888,0.497238468079986,-23,-3
3r4/p4pk1/1p2bqpp/2p5/2Pp2PP/PP1Q1P2/8/1K2R2R b - - 0 1,h5,h6h5,0.5731280046805332,0.5704090259445697,80,77,h6h5,True,0.5731280046805332,0.5704090259445697,80,77,h6h5,True,0.5731280046805332,0.5704090259445697,80,77
rq3rk1/1b1nbppp/ppnpp3/8/2P1PP2/1NN1BB2/PP2Q1PP/2RR2K1 w - - 0 1,Na4,c3a4,0.5760935895923636,0.5901355884591462,83,99,e4e5,False,0.599109557454693,0.5631764176433595,109,69,c1c2,False,0.5746928828761307,0.5901355884591462,81,99
r1q1kb1r/5ppp/1pbppn2/p7/PPP1P3/6P1/3N1PBP/R1BQ1RK1 w kq - 0 1,c5,c4c5,0.6068382298048567,0.6873942354748303,117,214,b4b5,False,0.6260786825861757,0.6818291390214323,139,207,c4c5,True,0.6068382298048567,0.6873942354748303,117,214
r4rk1/pb3pp1/1pp1pn1p/8/2PP3Q/qP1B1N2/P4PPP/R3R1K1 w - - 0 1,g4,g2g4,0.5821060392411068,0.6858096201223898,90,212,g2g4,True,0.5821060392411068,0.6858096201223898,90,212,g2g4,True,0.5821060392411068,0.6858096201223898,90,212
r1bqk2r/p1pnn1b1/1p1pp2p/5pp1/2PPP3/P1N1BN2/1P2BPPP/2RQ1RK1 w kq - 0 1,c5,c4c5,0.5900637266334974,0.5838871815019091,98,92,c4c5,True,0.5900637266334974,0.5838871815019091,98,92,c4c5,True,0.5900637266334974,0.5838871815019091,98,92
r1b2rk1/1pqn1ppp/p3pn2/3p4/1bPN4/1PN3P1/P1Q1PPBP/R1BR2K1 w - - 0 1,Na4,c3a4,0.6124762806410904,0.6226385940780689,124,136,c3a4,True,0.6124762806410904,0.6226385940780689,124,136,c3a4,True,0.6124762806410904,0.6226385940780689,124,136
2r3k1/5pp1/p2q2bp/1p1p4/3Nn3/N1P1R3/PP3PPP/4Q1K1 b - - 0 1,b4,b5b4,0.536486209571968,0.5613639348680176,39,67,b5b4,True,0.536486209571968,0.5613639348680176,39,67,b5b4,True,0.536486209571968,0.5613639348680176,39,67
1rq1r1k1/R3b1pp/1npppn2/1p2p1N1/1P1PP3/2NQB2P/2P2PP1/4R1K1 w - - 0 1,d5,d4d5,0.5922829388171931,0.6473801693008373,101,165,d4d5,True,0.5922829388171931,0.6473801693008373,101,165,d4d5,True,0.5922829388171931,0.6473801693008373,101,165
4rrk1/p2bq3/2pp2p1/5n1p/2P1N3/2P3P1/P2Q2BP/4RRK1 w - - 0 1,h3,h2h3,0.5893249147372628,0.5776116974476763,98,85,h2h3,True,0.5893249147372628,0.5776116974476763,98,85,h2h3,True,0.5893249147372628,0.5776116974476763,98,85
r4rk1/pb3pb1/1pppqnpp/4n3/2P4B/P1N1PN2/1PQ1BPPP/3R1RK1 w - - 0 1,Nxe5,f3e5,0.5765621965813046,0.6104522820914586,83,122,f3d4,False,0.6019912656400694,0.6312501413084699,112,146,f3d4,False,0.6019912656400694,0.6312501413084699,112,146
r3kn1r/1bp1qp2/pp1b1n1p/3Pp1p1/P1B5/2N1PNB1/1P2QPPP/R4RK1 w kq - 0 1,a5,a4a5,0.5484629396672218,0.591915609324709,52,101,f3d2,False,0.5718262677387128,0.5658919665398462,78,72,a4a5,True,0.5484629396672218,0.591915609324709,52,101
rnbq1rk1/p3ppbp/1pp3p1/2Pp4/N2P1P2/3BP2P/PPQ3P1/2R1K1NR b K - 0 1,e5,e7e5,0.49276928265491954,0.5340066578563346,-7,37,f7f6,False,0.5236767413956376,0.5027615319200139,25,3,b8a6,False,0.4779977282444213,0.53675438329054,-23,40
3r2k1/1pqnbbpp/2p2p2/2N1p3/1P2P3/2QPB1P1/r4PBP/1R3RK1 b - - 0 1,b5,b7b5,0.5144756497692848,0.5,15,0,d8a8,False,0.52600582270739,0.5,28,0,b7b5,True,0.5144756497692848,0.5,15,0
4rrk1/pb1nq1pp/1p1bp3/2p2pN1/2PP4/1P2Q3/PB2BPPP/4RRK1 w - - 0 1,Bh5,e2h5,0.5815183386710132,0.6086996650452808,89,120,e2h5,True,0.5815183386710132,0.6086996650452808,89,120,e2h5,True,0.5815183386710132,0.6086996650452808,89,120
r2qnrn1/pp3pbk/3p2p1/2pPp2p/2P1P2N/5PPb/PPQBB2P/R2NR1K1 w - - 0 1,Nf5,h4f5,0.5855662931661605,0.6217730635233241,93,135,d1f2,False,0.62273142787479,0.6406270050754315,136,157,d1f2,False,0.62273142787479,0.6406270050754315,136,157
2rq1rk1/4b1pp/p1b1pp2/1pnp4/4PB1P/5PN1/PPPQB1P1/1K1R3R w - - 0 1,Nf5,g3f5,0.50547485925373,0.5540980866051488,5,59,g3f5,True,0.50547485925373,0.5540980866051488,5,59,g3f5,True,0.50547485925373,0.5540980866051488,5,59
rn1qk2r/1p2bppp/p1n1p3/3bP3/3N1B2/3B1N2/PP3PPP/R2Q1RK1 b kq - 0 1,g5,g7g5,0.5587769501069961,0.5649872147270768,64,71,g7g5,True,0.5587769501069961,0.5649872147270768,64,71,g7g5,True,0.5587769501069961,0.5649872147270768,64,71
1r1qk2r/3b1p1p/Q2p2p1/2p1p3/2P1P3/2P1PN2/P4KPP/RR6 b k - 0 1,Ke7,e8e7,0.5846215739643346,0.6113275248507526,92,123,e8e7,True,0.5846215739643346,0.6113275248507526,92,123,e8e7,True,0.5846215739643346,0.6113275248507526,92,123
r2qr1k1/1p1b1p1p/p1n1pbp1/2Pp4/1P1B1P2/P1P2N2/3QB1PP/2R2RK1 w - - 0 1,Bxf6,d4f6,0.5897765414795588,0.6069442398881181,98,118,d4f6,True,0.5897765414795588,0.6069442398881181,98,118,d4f6,True,0.5897765414795588,0.6069442398881181,98,118
r4rk1/pp4pp/2p3b1/3pR2n/3P4/5P1B/PPP1N2P/2K3R1 b - - 0 1,Rxf3,f8f3,0.40703601823076974,0.6490594228774123,-102,167,h5f4,False,0.5140939572612979,0.5009205189599892,15,1,f8f3,True,0.40703601823076974,0.6490594228774123,-102,167
2r3k1/1r2bpp1/1Bnp2qp/1p2p3/4P3/PP1Q3P/2N2PP1/2RR2K1 w - - 0 1,Nb4,c2b4,0.4056864293198543,0.5874611371519987,-103,96,b6e3,False,0.5698871241882634,0.5468090461073719,76,51,c2b4,True,0.4056864293198543,0.5874611371519987,-103,96
1n1r1rk1/1pq1bppp/3p1n2/pB1Pp3/8/PN2BP2/1PP1Q1PP/1K1R3R w - - 0 1,Qc4,e2c4,0.6717817743094554,0.6664630487993781,194,188,g2g4,False,0.7127811689991541,0.7320812691889782,246,273,g2g4,False,0.7127811689991541,0.7320812691889782,246,273
1rbr2k1/p3qpb1/1pp1pnpp/2N5/3P4/1B2PN2/PPQ2PPP/2RR2K1 w - - 0 1,Ne5,f3e5,0.5361015164637724,0.5294226081270875,39,32,f3e5,True,0.5361015164637724,0.5294226081270875,39,32,f3e5,True,0.5361015164637724,0.5294226081270875,39,32
r3rbk1/1nqb1p2/p2p1np1/2pPp3/NpP1P1P1/1P6/P1BB1P1N/R2QR1K1 b - - 0 1,Be7,f8e7,0.45243642206564694,0.5064432832995209,-51,7,d7a4,False,0.49969856729898826,0.4724124461074959,0,-30,f8e7,True,0.45243642206564694,0.5064432832995209,-51,7
7k/1r2p1b1/p1q4p/4p1p1/P1n1N1P1/2P1P1BP/5P1K/RQ6 w - - 0 1,Qh1,b1h1,0.5942176476265142,0.5776116974476763,103,85,b1h1,True,0.5942176476265142,0.5776116974476763,103,85,b1h1,True,0.5942176476265142,0.5776116974476763,103,85
r5k1/pbr1qpp1/1pp1p2p/4N3/1bPPpP2/1P2P2Q/PB4PP/R4RK1 w - - 0 1,c5,c4c5,0.583632683077413,0.5522778816577142,91,57,g2g4,False,0.6084287875317616,0.5385849714102531,119,42,c4c5,True,0.583632683077413,0.5522778816577142,91,57
5rk1/1p1bqppp/2p1p2n/4P3/2P1B3/1PQ5/5P1P/B2R2K1 b - - 0 1,c5,c6c5,0.5623923153137035,0.6321068166142683,68,147,f8a8,False,0.5742114435391892,0.5550076484124536,81,60,c6c5,True,0.5623923153137035,0.6321068166142683,68,147
2r3k1/p2q1pp1/1pn1p2r/1R1pPn1p/P4Q2/2PP1N1P/3B1PP1/1R4K1 w - - 0 1,a5,a4a5,0.4931209295971871,0.6025436609853058,-7,113,b1e1,False,0.5507800523257683,0.5266697440308632,55,29,a4a5,True,0.4931209295971871,0.6025436609853058,-7,113
r2q1r2/1b2bpk1/p2p1n1p/3Npp2/1p2P3/3Q4/PPPB1NPP/R4R1K w - - 0 1,Ne3,d5e3,0.5583565039199232,0.5865684965842631,63,95,d3g3,False,0.6117892414038794,0.4468118376315084,123,-58,d5e3,True,0.5583565039199232,0.5865684965842631,63,95
r2qk2r/pp3pbp/1np1pnp1/8/P2P1P2/3Q2N1/1PP1N1PP/R1B2RK1 w kq - 0 1,f5,f4f5,0.4473152512153761,0.5531881623684916,-57,58,a4a5,False,0.4625480361855114,0.4559296988800415,-40,-48,f4f5,True,0.4473152512153761,0.5531881623684916,-57,58
r1b2rk1/p4pp1/2p4p/n3p1b1/8/3P1PN1/PP1P1P1P/RNB1R1K1 b - - 0 1,c5,c6c5,0.6715270465869584,0.726995752233842,194,266,c6c5,True,0.6715270465869584,0.726995752233842,194,266,c6c5,True,0.6715270465869584,0.726995752233842,194,266
1rq2rk1/3b1pbp/n2p2p1/1p1Pp2n/4P3/P1N1B2P/2QNBPP1/RR4K1 w - - 0 1,Ra2,a1a2,0.63367508016945,0.6372292155838937,148,153,a1a2,True,0.63367508016945,0.6372292155838937,148,153,c2c1,False,0.6164667042536808,0.6431661450174323,128,160
3r1rk1/pp3ppp/2p2qb1/3nN3/3P4/1B2R3/PP1Q1PPP/4R1K1 w - - 0 1,Bxd5,b3d5,0.5183217860553486,0.5713110574149894,19,78,e3f3,False,0.5373252234240562,0.5046024700028845,40,5,b3d5,True,0.5183217860553486,0.5713110574149894,19,78
4rrk1/4qpp1/p2b1n1p/1pnPp3/7P/2N1B2Q/PPB2PP1/2RR2K1 w - - 0 1,Ne2,c3e2,0.5783548186997867,0.623503343299711,85,137,b2b4,False,0.5944932071528546,0.5928047194327711,103,102,e3c5,False,0.5091317204578527,0.6507349938882695,9,169
4rrk1/1p1q1ppn/p1pp3p/4p1b1/PP1PP3/1R2BQNP/2P2PP1/4R1K1 b - - 0 1,f5,f7f5,0.41587957743939374,0.6156928792462818,-92,128,g5e3,False,0.4589636488524529,0.497238468079986,-44,-3,f7f5,True,0.41587957743939374,0.6156928792462818,-92,128
r1bq1rk1/1p4p1/2n4p/p2pp3/7P/1BP3Q1/PP3PP1/R1B1K2R b KQ - 0 1,Rf6,f8f6,0.4687957514164687,0.5394998785122574,-33,43,g8h8,False,0.5389120398107647,0.5385849714102531,42,42,f8f6,True,0.4687957514164687,0.5394998785122574,-33,43
r2r2k1/p1p1ppbp/bn2q1p1/2p1P3/3P1N2/1PN1B3/P1Q2PPP/2R1K2R b K - 0 1,Qd7,e6d7,0.43949523249596495,0.5413288883579234,-66,45,e6c6,False,0.5265407487271289,0.46324561670945996,28,-40,e6d7,True,0.43949523249596495,0.5413288883579234,-66,45
1r3rk1/1ppnb1n1/p2p2q1/3Pp1pp/PPP1Pp2/2N2P1P/3BQ1PN/1R1R2K1 b - - 0 1,Ne8,g7e8,0.537675137407674,0.5046024700028845,41,5,g7e8,True,0.537675137407674,0.5046024700028845,41,5,f8f7,False,0.521390695346932,0.5358387144707508,23,39
3q2k1/1r1p1pp1/1p2p2p/nPb1N3/4PB2/P2Q2P1/5P1P/2R3K1 w - - 0 1,Nc6,e5c6,0.5668011477363013,0.6278152022123592,73,142,e5c6,True,0.5668011477363013,0.6278152022123592,73,142,e5c6,True,0.5668011477363013,0.6278152022123592,73,142
r2q1rk1/1b1nbpp1/pp3n1p/3p4/2pP1N2/2N1P1B1/PP3PPP/1BRQ1RK1 b - - 0 1,Re8,f8e8,0.4638623008285139,0.5128844269647328,-39,14,b6b5,False,0.5015800047363856,0.3696073624137258,1,-145,f8e8,True,0.4638623008285139,0.5128844269647328,-39,14
4rrk1/1pq1bppp/p1p1pnn1/4N1B1/2PP3P/2N3P1/PP1RQP2/R5K1 w - - 0 1,h5,h4h5,0.6135679628332309,0.6664630487993781,125,188,h4h5,True,0.6135679628332309,0.6664630487993781,125,188,h4h5,True,0.6135679628332309,0.6664630487993781,125,188
6rk/6pp/pp6/2bp1pQ1/4q3/1P2P2P/PB3PP1/2R3K1 w - - 0 1,h4,h3h4,0.5847921052301722,0.613075853553636,93,125,g5g3,False,0.5939025987855634,0.5394998785122574,103,43,h3h4,True,0.5847921052301722,0.613075853553636,93,125
2brrn1k/1p4pp/p1pq1p2/PnNp4/1P1P4/1N1BPP1P/2Q3P1/4RRK1 w - - 0 1,f4,f3f4,0.5988707749745886,0.5963550316463674,108,106,c2f2,False,0.5991937320048263,0.5838871815019091,109,92,f3f4,True,0.5988707749745886,0.5963550316463674,108,106
r1b1rnk1/1pq2pbp/2p3p1/2P1p3/N3P3/2BP4/2Q2PPP/RR1B2K1 w - - 0 1,Nb6,a4b6,0.5296307145809896,0.5064432832995209,32,7,a4b6,True,0.5296307145809896,0.5064432832995209,32,7,a4b6,True,0.5296307145809896,0.5064432832995209,32,7
2r1rbk1/1b1qnpp1/p2p3p/1p1Pp3/6P1/PBP3N1/1P3PP1/R1BQR1K1 w - - 0 1,a4,a3a4,0.5963994566549174,0.6104522820914586,106,122,g3e4,False,0.6069446425090889,0.5376698043044984,118,41,a3a4,True,0.5963994566549174,0.6104522820914586,106,122
1rb3k1/2q2p1p/p2p4/2pPn1p1/2rbP3/R3BP1P/NP2Q1P1/1R1N2K1 w - - 0 1,Kh1,g1h1,0.48551488108754925,0.6086996650452808,-15,120,b2b3,False,0.48611633594095316,0.45227865991833244,-15,-52,g1h1,True,0.48551488108754925,0.6086996650452808,-15,120
2rr4/Q1n1nqbk/2p3pp/3pp3/2P1B3/B1N5/P4PPP/2RR2K1 w - - 0 1,Qb7,a7b7,0.5046519770317948,0.6148212729952696,5,127,a3e7,False,0.6448961446885553,0.45775702105393146,162,-46,a7b7,True,0.5046519770317948,0.6148212729952696,5,127
r3r1k1/2b2q2/2b1p1pp/pp1p4/2nB1PB1/P1NQ2P1/1PP4P/1K1RR3 w - - 0 1,Re2,e1e2,0.5030574153764465,0.6217730635233241,3,135,c3a2,False,0.5461143572439406,0.4559296988800415,50,-48,e1e2,True,0.5030574153764465,0.6217730635233241,3,135
r1r3k1/pp1nppbp/3pb1p1/8/N1PBP3/5P2/PP2B1PP/2R2RK1 w - - 0 1,Bxg7,d4g7,0.5092707875528011,0.5,10,0,d4g7,True,0.5092707875528011,0.5,10,0,d4g7,True,0.5092707875528011,0.5,10,0
2r1k2r/2q2ppp/4pb2/R7/1pP5/5QP1/1PP2PKP/2B2R2 w k - 0 1,Ra4,a5a4,0.5678495226432007,0.5767131009559461,74,84,a5a8,False,0.5834377126637056,0.5147240615881282,91,16,a5a4,True,0.5678495226432007,0.5767131009559461,74,84
2rr2k1/1pq1bppp/p2p1n2/P2Pp3/4n3/4B3/1PPQBPPP/R1NR2K1 w - - 0 1,Qe1,d2e1,0.5226444058259598,0.5758139966794447,24,83,d2b4,False,0.5736477284228382,0.5046024700028845,80,5,d2e1,True,0.5226444058259598,0.5758139966794447,24,83
bqr3k1/r1pnbppp/p3pn2/B7/1p1P4/1N2QNP1/PP2PPBP/R1R3K1 w - - 0 1,Rc2,c1c2,0.5346173110949088,0.5722126153120402,37,79,f3d2,False,0.5442141051030173,0.5550076484124536,48,60,c1c2,True,0.5346173110949088,0.5722126153120402,37,79
r4rk1/p4qb1/1np2npp/2N1p3/4Pp2/B4B2/P4PPP/R2QR1K1 w - - 0 1,Qc1,d1c1,0.6023304426570202,0.585675286773559,112,94,d1c1,True,0.6023304426570202,0.585675286773559,112,94,d1c1,True,0.6023304426570202,0.585675286773559,112,94
r1bqk1nr/1p3p1p/6p1/pNbBp3/3p4/PQ4P1/1P2PP1P/R1B1K2R b KQkq - 0 1,Kf8,e8f8,0.5587098309606232,0.5686035652810878,64,75,e8f8,True,0.5587098309606232,0.5686035652810878,64,75,e8f8,True,0.5587098309606232,0.5686035652810878,64,75
2br1k2/p4p2/2Prn2p/6p1/6P1/q2BR3/4NPP1/1Q1R1K2 w - - 0 1,Kg1,f1g1,0.509444453505123,0.5138042910293155,10,15,d3c2,False,0.5106505749430859,0.2931742312343752,11,-239,f1g1,True,0.509444453505123,0.5138042910293155,10,15
2rr2k1/1p1nbppp/p2p4/q2Bn1P1/5B2/2N5/PPP2Q1P/1K1R3R w - - 0 1,Bxe5,f4e5,0.6651999430830929,0.6590564612649169,186,179,h1f1,False,0.6814823023843326,0.676211637485054,206,200,h1e1,False,0.6687229455866042,0.6770173032617418,190,201
1k3rr1/1p3ppp/pn6/3pPR2/2pP4/n1P2RP1/2PB2NP/6K1 w - - 0 1,e6,e5e6,0.581980564277573,0.6209067564512851,89,134,f5f7,False,0.5907873647053146,0.5303398401818216,99,33,e5e6,True,0.581980564277573,0.6209067564512851,89,134
3r1rk1/1bq2pbp/p3p1p1/1ppnP1N1/3P4/2PB2B1/P3QPPP/2R2RK1 b - - 0 1,Bh6,g7h6,0.5833481425795453,0.6086996650452808,91,120,c5d4,False,0.599667049293944,0.6615341844106734,109,182,c5d4,False,0.599667049293944,0.6615341844106734,109,182
1r1q1rk1/4ppbp/b2p2p1/p1n5/1p2P3/1P1PN1P1/R1PBQPBP/5RK1 w - - 0 1,Rd1,f1d1,0.45187626143282084,0.47608474251652944,-52,-26,h2h4,False,0.4628227291934058,0.39745633901469424,-40,-113,f1d1,True,0.45187626143282084,0.47608474251652944,-52,-26
r4rk1/6b1/p1bppp2/1p2q2p/4P3/3B4/PPP1NQPP/1K1R1R2 w - - 0 1,c3,c2c3,0.5372997508544646,0.5358387144707508,40,39,c2c3,True,0.5372997508544646,0.5358387144707508,40,39,c2c3,True,0.5372997508544646,0.5358387144707508,40,39
5rk1/p1r3pp/5q2/1p1R1p2/2P1p3/1P1n1PP1/P3Q1BP/3R2K1 w - - 0 1,Rf1,d1f1,0.5153042169686424,0.5604570759825421,16,66,d1f1,True,0.5153042169686424,0.5604570759825421,16,66,d1f1,True,0.5153042169686424,0.5604570759825421,16,66
2r3k1/6b1/1p1p2qp/3Pp1p1/2P1p3/3nB1P1/P2QB2P/R5K1 w - - 0 1,a4,a2a4,0.5997413588520806,0.5954683835833042,109,105,a2a4,True,0.5997413588520806,0.5954683835833042,109,105,a2a4,True,0.5997413588520806,0.5954683835833042,109,105
r5k1/ppq3pp/5p2/n2p4/P1pPr1P1/B1P1P3/6PP/R2Q1RK1 w - - 0 1,g5,g4g5,0.533603297406807,0.6243673063917166,36,138,g4g5,True,0.533603297406807,0.6243673063917166,36,138,g4g5,True,0.533603297406807,0.6243673063917166,36,138
r1b1nrk1/3pbppp/p1q1p3/1p4P1/4P3/P3BP2/1PPQN2P/2KR1B1R b - - 0 1,b4,b5b4,0.44793188472392387,0.48895555679024805,-56,-12,b5b4,True,0.44793188472392387,0.48895555679024805,-56,-12,b5b4,True,0.44793188472392387,0.48895555679024805,-56,-12
r2qkb1r/pppbp1pp/1n3p2/3P2B1/1Q2P3/2N2N2/PP3PPP/2KR3R w kq - 0 1,e5,e4e5,0.6346171574126912,0.6515713880482262,149,170,e4e5,True,0.6346171574126912,0.6515713880482262,149,170,e4e5,True,0.6346171574126912,0.6515713880482262,149,170
rn1r4/pp2kp2/2p2bp1/5b1p/2BP4/2N2N1P/PP3PP1/2KR3R w - - 0 1,g4,g2g4,0.5295438421992481,0.5695065266470701,32,76,g2g4,True,0.5295438421992481,0.5695065266470701,32,76,g2g4,True,0.5295438421992481,0.5695065266470701,32,76
r2q1r2/1p1b2bk/2nP2pp/3Q1p2/p1B5/4B3/PP2NPPP/R4RK1 b - - 0 1,b5,b7b5,0.39296466890035264,0.5568256609665037,-118,62,c6e5,False,0.49542750432123617,0.4205926555346196,-4,-87,b7b5,True,0.39296466890035264,0.5568256609665037,-118,62
2r1q1k1/pb3ppp/1p2p1n1/3nP3/3NBP2/P4Q2/1P2N1PP/4R1K1 w - - 0 1,f5,f4f5,0.5223593014578405,0.676211637485054,24,200,f3g3,False,0.5438851689742299,0.49355671670047907,47,-7,f4f5,True,0.5223593014578405,0.676211637485054,24,200
2r2rk1/1pqbbppp/p2p1n2/P3p3/NnB1P3/4B3/1PPN1PPP/RQ2R1K1 b - - 0 1,d5,d6d5,0.5574132333596418,0.5658919665398462,62,72,d6d5,True,0.5574132333596418,0.5658919665398462,62,72,d6d5,True,0.5574132333596418,0.5658919665398462,62,72
r1b2rk1/1p4pp/2nq4/p1b1pp2/2P5/PP4P1/1B1PBP1P/R2QNRK1 b - - 0 1,f4,f5f4,0.6276297649535039,0.648220254322344,141,166,f5f4,True,0.6276297649535039,0.648220254322344,141,166,f5f4,True,0.6276297649535039,0.648220254322344,141,166
r1b2rk1/1p4pp/3q4/p1b1pp2/2Pn4/PP4P1/1B1PBP1P/R2QNRK1 w - - 0 1,b4,b3b4,0.5450923578355049,0.5018410316799476,49,2,b3b4,True,0.5450923578355049,0.5018410316799476,49,2,e1d3,False,0.4608201193349215,0.5128844269647328,-42,14
r2r2k1/ppR2p1p/5Qp1/3b3P/3PB3/8/4qPP1/3R2K1 w - - 0 1,f3,f2f3,0.3172011906155525,0.5156437324214209,-208,17,e4f3,False,0.5016630691061248,0.4944771046316658,1,-6,f2f3,True,0.3172011906155525,0.5156437324214209,-208,17
r2r2k1/p3qppp/2p5/8/4n1b1/5N2/PP1B1PPP/2RQR1K1 w - - 0 1,Qc2,d1c2,0.5083247111928257,0.6165637432224795,9,129,d1e2,False,0.5315112163082418,0.5,34,0,h2h3,False,0.48560573654703765,0.6363776066437299,-15,152
r4rk1/2q1bppp/p2p1n2/1p2pP2/2b1P3/P1N2B2/1PP3PP/R1B1QR1K w - - 0 1,Rg1,f1g1,0.5593993696868677,0.5285051773118131,64,31,f1g1,True,0.5593993696868677,0.5285051773118131,64,31,f1f2,False,0.5296290745517649,0.5422429789460687,32,46
1rb2rk1/ppR1pp1p/5bp1/8/1P6/q2PBBP1/2Q1PP1P/2R3K1 w - - 0 1,Bh6,e3h6,0.7174295041783258,0.7225890732124075,253,260,e3h6,True,0.7174295041783258,0.7225890732124075,253,260,e3h6,True,0.7174295041783258,0.7225890732124075,253,260
r3k2r/1bpnqppp/pp6/3p3n/3P4/P1N2NP1/1P2PPBP/R2QK2R w KQkq - 0 1,Nh4,f3h4,0.561460367374248,0.5640820298184349,67,70,f3h4,True,0.561460367374248,0.5640820298184349,67,70,f3h4,True,0.561460367374248,0.5640820298184349,67,70
2r1kb1r/1b1n1ppp/pq1ppn2/1p4B1/3NPP1P/P1N4R/1PP1Q1P1/2KR1B2 b k - 0 1,Rc4,c8c4,0.45896308587713264,0.5,-44,0,h7h5,False,0.47416750366760696,0.4605001214877426,-28,-43,c8c4,True,0.45896308587713264,0.5,-44,0
r2r2k1/1b2qpp1/p1p1nb1p/Pp1p4/3P4/2N1PN2/QP1R1PPP/2R2BK1 b - - 0 1,c5,c6c5,0.5577828654868096,0.6406270050754315,63,157,a8c8,False,0.5580053161093937,0.5658919665398462,63,72,c6c5,True,0.5577828654868096,0.6406270050754315,63,157
r3k2r/ppqnbpp1/5np1/2p5/3PP3/1QN5/PP1B2PP/2KR1B1R w kq - 0 1,Bc4,f1c4,0.5502508769014282,0.6043059266170111,54,115,c3b5,False,0.6307812654563929,0.603425129353426,145,114,f1c4,True,0.5502508769014282,0.6043059266170111,54,115
r2q1rk1/ppp1ppbp/1nn3p1/8/3P2b1/BPN1PNP1/P3QPBP/R3K2R b KQ - 0 1,e5,e7e5,0.5035575672671564,0.5449835205954683,3,49,e7e5,True,0.5035575672671564,0.5449835205954683,3,49,e7e5,True,0.5035575672671564,0.5449835205954683,3,49
r2r1bk1/2q2p1p/1p1pp1p1/pB1nP3/P4P2/2P2R2/1P1BQ1PP/4R2K w - - 0 1,f5,f4f5,0.6087269110185956,0.5477213400816676,120,52,f4f5,True,0.6087269110185956,0.5477213400816676,120,52,h2h4,False,0.547808642441657,0.5622703840425896,52,68
2rqkb1r/1b3pp1/p2ppn1p/1p2n3/3NP1P1/P1N1BP2/1PPQ3P/1K1R1B1R b k - 0 1,Nxf3,e5f3,0.38428328043844423,0.6423206501894636,-128,159,d6d5,False,0.4794691739792334,0.5165632973121441,-22,18,e5f3,True,0.38428328043844423,0.6423206501894636,-128,159
r2q1rk1/1p1bb2p/n3pp2/n7/pNPp1BPN/P2P4/1P4BP/1R1QR1K1 w - - 0 1,Nd5,b4d5,0.5348620393390575,0.6490594228774123,37,167,b4a6,False,0.5374488971914937,0.5550076484124536,40,60,b4d5,True,0.5348620393390575,0.6490594228774123,37,167
r2qnrk1/1p2b1pp/2ppp3/p1n5/P1NQP3/2N3BP/1PP2PP1/R3R1K1 w - - 0 1,Rad1,a1d1,0.5412171556985932,0.5413288883579234,44,45,d4e3,False,0.5587705112376417,0.5504562746820834,64,55,d4e3,False,0.5587705112376417,0.5504562746820834,64,55
r2q1rk1/pp2pp1p/4b1pb/n3B3/3Pn3/N4NP1/PQ2PPBP/R2R2K1 w - - 0 1,d5,d4d5,0.606785458461528,0.545896437602999,117,50,d4d5,True,0.606785458461528,0.545896437602999,117,50,d4d5,True,0.606785458461528,0.545896437602999,117,50
r3k2r/1bqnbpp1/pp1ppn1p/8/2P4B/2N1PN1P/PPQ1BPP1/R4RK1 b kq - 0 1,g5,g7g5,0.5276795480433316,0.5829922971166973,30,91,g7g5,True,0.5276795480433316,0.5829922971166973,30,91,g7g5,True,0.5276795480433316,0.5829922971166973,30,91
r4rk1/pp1qb2p/1np1b1p1/3P1p2/4PN2/1P2B3/P2QB1PP/R3K2R b KQ - 0 1,Bf7,e6f7,0.5139229746192964,0.5431567852197504,15,47,e6f7,True,0.5139229746192964,0.5431567852197504,15,47,e6f7,True,0.5139229746192964,0.5431567852197504,15,47
r2qr1k1/2p2nbp/1p4p1/1NpPpb2/p1P5/3B4/PPQ2PPP/2NRR1K1 b - - 0 1,e4,e5e4,0.5364144342284272,0.648220254322344,39,166,e5e4,True,0.5364144342284272,0.648220254322344,39,166,e5e4,True,0.5364144342284272,0.648220254322344,39,166
2b1r2r/p1pp1k2/2pbnPp1/q6p/2P5/PP4PQ/1BKNBP1P/R2R4 w - - 0 1,c5,c4c5,0.4893106295220241,0.5522778816577142,-11,57,b3b4,False,0.6161537189388551,0.5449835205954683,128,49,h3f1,False,0.5821272097151887,0.5803043837193158,90,88
q4rk1/p4ppp/8/4p3/1bp1n3/2Nb1NP1/PP1B1P1P/R2QK1R1 b Q - 0 1,Rb8,f8b8,0.6038496951483773,0.648220254322344,114,166,e4c3,False,0.7801266574515946,0.5,343,0,f8b8,True,0.6038496951483773,0.648220254322344,114,166
5qrk/p2bb2p/2p1p3/2Pp1p2/3P1P2/P1N1P3/2QKB2P/1R6 b - - 0 1,e5,e6e5,0.5175318329077787,0.4404501867400794,19,-65,e6e5,True,0.5175318329077787,0.4404501867400794,19,-65,e6e5,True,0.5175318329077787,0.4404501867400794,19,-65
r3r1k1/p1qn1pbp/2p1pnpP/1p6/2PP4/1PB2QN1/P4PP1/1B1RR1K1 b - - 0 1,Bxh6,g7h6,0.4064943040700991,0.4143247132264411,-102,-94,g7h6,True,0.4064943040700991,0.4143247132264411,-102,-94,g7h6,True,0.4064943040700991,0.4143247132264411,-102,-94
2rq1rk1/pb1nbppp/1p6/3P4/Q2p1B2/6P1/PP1N1PBP/R4RK1 b - - 0 1,Nc5,d7c5,0.5315152842720805,0.5229967635676993,34,25,d7c5,True,0.5315152842720805,0.5229967635676993,34,25,d7c5,True,0.5315152842720805,0.5229967635676993,34,25
r2q1rk1/3nbppp/p3pn2/1pp5/3PbB2/2N2NP1/PP2PPBP/R1Q2RK1 b - - 0 1,Bxf3,e4f3,0.6223564695405741,0.6200396776969423,135,133,e4f3,True,0.6223564695405741,0.6200396776969423,135,133,e4f3,True,0.6223564695405741,0.6200396776969423,135,133
2kr3r/ppq3pp/1np1p1n1/Q3pb2/2pP4/P4NB1/1P2BPPP/R3R1K1 b - - 0 1,Rd5,d8d5,0.38353659940694,0.49355671670047907,-128,-7,a7a6,False,0.44396743852819515,0.2766734440058442,-61,-261,d8d5,True,0.38353659940694,0.49355671670047907,-128,-7
r2qr1k1/p2b2pp/2pB1p2/2Q3b1/3N4/8/PPP2PPP/R4K1R b - - 0 1,Qb6,d8b6,0.5129220866359523,0.47516641034760715,14,-27,d8b6,True,0.5129220866359523,0.47516641034760715,14,-27,d8b6,True,0.5129220866359523,0.47516641034760715,14,-27
r4rk1/p2n2pp/4p3/1pb1P3/3NpPPq/1P2P3/PB6/R2Q1RK1 w - - 0 1,Qe2,d1e2,0.44464970060410514,0.5,-60,0,g1g2,False,0.5166074045179494,0.4027589492090241,18,-107,d1e2,True,0.44464970060410514,0.5,-60,0
r4rk1/4b1pp/p1q1p3/1p1b2P1/2p1pPB1/4B1Q1/PPP4P/3R1R1K w - - 0 1,Qh3,g3h3,0.4279942912153797,0.5394998785122574,-78,43,h2h4,False,0.42819861458616837,0.40010471851325186,-78,-110,g3h3,True,0.4279942912153797,0.5394998785122574,-78,43
rn1q1rk1/p3ppbp/2b2np1/2p5/4P2Q/2N2N2/PP2BPPP/R1B1K2R b KQ - 0 1,e6,e7e6,0.4149401814465854,0.5330902822991305,-93,36,b8d7,False,0.5002532180823316,0.48067870579756605,0,-21,e7e6,True,0.4149401814465854,0.5330902822991305,-93,36
rn2k1nr/pp1bp2p/3p2p1/q1pP4/2P1p3/1QP5/P2N1PPP/R1B1KB1R b KQkq - 0 1,Nf6,g8f6,0.509546520434712,0.46874313267512907,10,-34,g8f6,True,0.509546520434712,0.46874313267512907,10,-34,g8f6,True,0.509546520434712,0.46874313267512907,10,-34
2rr2k1/pb2qp1p/1p2nbp1/2pp4/PP1P4/2N1PN2/Q4PPP/1R1R1BK1 w - - 0 1,bxc5,b4c5,0.46980724630613524,0.48067870579756605,-32,-21,b4c5,True,0.46980724630613524,0.48067870579756605,-32,-21,b4c5,True,0.46980724630613524,0.48067870579756605,-32,-21
2bqr1k1/5pb1/p2p2p1/3r4/P4PP1/2p1B2Q/2R2N2/3NK2R w K - 0 1,Nxc3,d1c3,0.4842453467425134,0.2788895198861058,-17,-258,f4f5,False,0.5709435047017422,0.5468090461073719,77,51,e1g1,False,0.5487015559013881,0.6590564612649169,53,179
2rrn1k1/2q2ppp/pp2pb2/n1p2P2/2P5/2NPP1P1/P3Q1NP/BR1R2K1 b - - 0 1,exf5,e6f5,0.39048833024040513,0.4559296988800415,-120,-48,f6c3,False,0.4485763924544929,0.45319095389262815,-56,-51,e6f5,True,0.39048833024040513,0.4559296988800415,-120,-48
r2r2k1/pp3ppp/1n1b1n2/q1p1pP2/4P3/P1NBB2P/1PP1Q1P1/R4RK1 b - - 0 1,c4,c5c4,0.46538601194318213,0.48619570897068454,-37,-15,c5c4,True,0.46538601194318213,0.48619570897068454,-37,-15,c5c4,True,0.46538601194318213,0.48619570897068454,-37,-15
r4rk1/p3qpb1/1p1p2pp/3Pp1n1/PRP1P2N/2N1BPPb/2Q4P/1R4K1 b - - 0 1,f5,f7f5,0.5330740666085654,0.5704090259445697,35,77,f7f5,True,0.5330740666085654,0.5704090259445697,35,77,f7f5,True,0.5330740666085654,0.5704090259445697,35,77
q4rk1/1ppb1pb1/3p1npp/1P1Pp3/N1P1P3/4B2P/n3BPP1/N2Q1RK1 b - - 0 1,Nxe4,f6e4,0.4570796122751706,0.5,-46,0,f6e4,True,0.4570796122751706,0.5,-46,0,f6e4,True,0.4570796122751706,0.5,-46,0
r1b2r2/pp3pkp/3q1np1/2pPp3/4P3/2QB4/PP3PPP/2R1K1NR b K - 0 1,c4,c5c4,0.4845004734607157,0.5018410316799476,-16,2,c5c4,True,0.4845004734607157,0.5018410316799476,-16,2,c5c4,True,0.4845004734607157,0.5018410316799476,-16,2
r1q1kb1r/1b3ppp/1p1ppn2/pP6/P1P1P3/6P1/3N1PBP/R1BQ1RK1 w kq - 0 1,c5,c4c5,0.6406025603791515,0.6754049255580261,156,199,c4c5,True,0.6406025603791515,0.6754049255580261,156,199,c4c5,True,0.6406025603791515,0.6754049255580261,156,199
r6k/1p3rp1/2pnqp1p/8/PR1Pp1P1/4P2P/1Q3PB1/3R2K1 w - - 0 1,d5,d4d5,0.5846710306718127,0.5954683835833042,92,105,d4d5,True,0.5846710306718127,0.5954683835833042,92,105,d4d5,True,0.5846710306718127,0.5954683835833042,92,105
r3nrk1/1pp1qppp/p7/3Pp3/4P3/P1N2Q2/1P3PPP/2RR2K1 w - - 0 1,d6,d5d6,0.556145495921174,0.5165632973121441,61,18,h2h3,False,0.5588404881120095,0.5285051773118131,64,31,c3e2,False,0.541594166139804,0.5349228039541688,45,38
1r5r/p1pk2pp/3pb3/2p1Pp2/5P2/1P1B4/P1PK2PP/4RR2 w - f6 0 1,exd6,e5d6,0.5836746706866981,0.6656440579806581,91,187,e5d6,True,0.5836746706866981,0.6656440579806581,91,187,e5d6,True,0.5836746706866981,0.6656440579806581,91,187
3r2k1/p4pbp/b3p3/npqpP1pP/8/2P3P1/P3QPBN/R3R1K1 w - - 0 1,h6,h5h6,0.7379939745928974,0.716645830340413,281,252,h5h6,True,0.7379939745928974,0.716645830340413,281,252,h5h6,True,0.7379939745928974,0.716645830340413,281,252
r1bq1r1k/1p3pp1/2p1p2p/p1P5/PbQP4/6P1/1P3PBP/RNR3K1 b - - 0 1,e5,e6e5,0.6010058224482662,0.5954683835833042,111,105,e6e5,True,0.6010058224482662,0.5954683835833042,111,105,e6e5,True,0.6010058224482662,0.5954683835833042,111,105
2k5/p2r3p/2p1b1n1/2p2p1N/2P2P2/2R4P/P2B1KP1/8 w - - 0 1,Be3,d2e3,0.5864766727920063,0.6573997938422768,94,177,d2e3,True,0.5864766727920063,0.6573997938422768,94,177,d2e3,True,0.5864766727920063,0.6573997938422768,94,177
5r2/1r1n1qbk/RN4pp/2p1p3/2P5/1RBP2P1/1Q2PP2/6K1 w - - 0 1,f3,f2f3,0.6099266419055982,0.7128924657021357,121,247,f2f3,True,0.6099266419055982,0.7128924657021357,121,247,f2f3,True,0.6099266419055982,0.7128924657021357,121,247
2r3k1/5pp1/r2ppn1p/p6q/Pp1NP3/1P2RP2/2PQ2PP/1K1R4 w - - 0 1,g4,g2g4,0.5816789892667865,0.5767131009559461,89,84,g2g4,True,0.5816789892667865,0.5767131009559461,89,84,g2g4,True,0.5816789892667865,0.5767131009559461,89,84
1rbqr1k1/R4p2/3p1bp1/1p1Pp3/2p1B3/2P2N1P/1P1Q1PP1/R5K1 w - - 0 1,h4,h3h4,0.5573330053099035,0.5055228953683342,62,6,h3h4,True,0.5573330053099035,0.5055228953683342,62,6,g2g3,False,0.533810761837643,0.5073636275599663,36,8
r3k1nr/1pp3pp/p2bbp2/2p5/4P3/2N1BN2/PPP2PPP/2KR3R w kq - 0 1,e5,e4e5,0.5472229564150455,0.5767131009559461,51,84,c3a4,False,0.5716721122122247,0.5640820298184349,78,70,e4e5,True,0.5472229564150455,0.5767131009559461,51,84
2b3k1/2q4p/p2p2p1/P1p2n2/2Pb2Q1/8/R2BrNPP/5RK1 b - - 0 1,Qc6,c7c6,0.4157417187549646,0.8254673326201856,-92,422,e2e8,False,0.65175775311027,0.6507349938882695,170,169,c7c6,True,0.4157417187549646,0.8254673326201856,-92,422
1q3rk1/p1r3pp/3R4/2n5/4B3/6P1/P3Q2P/3R2K1 w - - 0 1,Bc2,e4c2,0.5805349201394006,0.5847815132358991,88,93,e4c2,True,0.5805349201394006,0.5847815132358991,88,93,e4g2,False,0.5633207673497677,0.591915609324709,69,101
rn1qk2r/pp3pp1/2p1pnp1/8/Pb1P2P1/2N1P2P/1P3P2/R1BQKB1R b KQkq - 0 1,Qd5,d8d5,0.5282108628460203,0.5184020844121936,30,20,d8d5,True,0.5282108628460203,0.5184020844121936,30,20,d8d5,True,0.5282108628460203,0.5184020844121936,30,20
r5k1/3q1bpp/3p4/p2p1r2/1p6/1P3NRP/PP3PPK/3Q1R2 w - - 0 1,Qd4,d1d4,0.6330225018168055,0.6786254827184693,148,203,d1d2,False,0.6332474377693915,0.6397788635128212,148,156,d1d4,True,0.6330225018168055,0.6786254827184693,148,203
r2r1nk1/pp3qpp/2p1pp2/8/3P1P1P/5QPB/PPP5/2KRR3 w - - 0 1,Bf1,h3f1,0.6317353129363261,0.6243673063917166,146,138,h3f1,True,0.6317353129363261,0.6243673063917166,146,138,c1b1,False,0.6250031369974022,0.6278152022123592,138,142
r4rk1/p1nq1pp1/1p1pp2p/8/P2PR3/1QP2N2/1P3PPP/R5K1 b - - 0 1,Rfb8,f8b8,0.5172946512943422,0.5285051773118131,18,31,a7a6,False,0.5189459342247905,0.5294226081270875,20,32,a7a6,False,0.5189459342247905,0.5294226081270875,20,32
r4rk1/1pp3b1/n2p2pp/p2P1q2/2P2p2/P1N2N1P/1P1Q1PP1/1R3RK1 w - - 0 1,Nb5,c3b5,0.6071907562433765,0.6183032245766588,118,131,b2b4,False,0.6099033495259725,0.6252304785769166,121,139,b2b4,False,0.6099033495259725,0.6252304785769166,121,139
3r2k1/1p2q1pp/pQp2p2/4p1n1/1PN1P3/2P3PP/1P3PK1/4R3 b - - 0 1,Qd7,e7d7,0.578521342065868,0.7335231920150604,86,275,e7d7,True,0.578521342065868,0.7335231920150604,86,275,e7d7,True,0.578521342065868,0.7335231920150604,86,275
r2qr1k1/p1p2ppp/1p3b2/2nPp3/7P/2P1QNN1/PP3PP1/2KR3R w - - 0 1,Ne4,g3e4,0.5550103065965926,0.522078114090291,60,24,g3e4,True,0.5550103065965926,0.522078114090291,60,24,g3e4,True,0.5550103065965926,0.522078114090291,60,24
1r2k2r/5p2/1qp1b1p1/3p2R1/6P1/1P4Q1/P5BP/1K1R4 w k - 0 1,h4,h2h4,0.49549530084749616,0.49539752999711567,-4,-5,h2h4,True,0.49549530084749616,0.49539752999711567,-4,-5,h2h4,True,0.49549530084749616,0.49539752999711567,-4,-5
r2qk2r/1bpnnpb1/p2pp1pp/1p6/3PPP2/P1N1BN2/1PPQB1PP/R4R1K b kq - 0 1,f5,f7f5,0.4960359968374967,0.4669097177008696,-4,-36,e8g8,False,0.5108104067867518,0.5119644756166626,11,13,e8g8,False,0.5108104067867518,0.5119644756166626,11,13
2rq1rk1/1bp1bppp/4p3/pp1nN3/1P1P4/P3P1P1/2QN1PBP/R4RK1 w - - 0 1,Nb3,d2b3,0.5495324679031495,0.6278152022123592,53,142,c2b2,False,0.5763961963602446,0.5440703011199586,83,48,d2b3,True,0.5495324679031495,0.6278152022123592,53,142
4r1k1/1p3p1p/1r1ppQp1/p1q1P3/P1P5/1P2R1PP/5P2/3R2K1 w - - 0 1,h4,h3h4,0.683056266829924,0.7037644505807509,208,235,h3h4,True,0.683056266829924,0.7037644505807509,208,235,h3h4,True,0.683056266829924,0.7037644505807509,208,235
1qrr1bk1/1b2nppp/p2p1n2/1p1Pp3/1P2P3/P4N1P/1BBN1PP1/2RQR1K1 w - - 0 1,Nb3,d2b3,0.6081277459145231,0.5794073444653803,119,87,d2b3,True,0.6081277459145231,0.5794073444653803,119,87,c1a1,False,0.5868488843579199,0.5794073444653803,95,87
3r2k1/2q1npb1/rpp3pp/2p1p3/P3P3/1PQPBN2/5PPP/R3R1K1 w - - 0 1,a5,a4a5,0.5924264814634945,0.5649872147270768,101,71,a4a5,True,0.5924264814634945,0.5649872147270768,101,71,a4a5,True,0.5924264814634945,0.5649872147270768,101,71
r2qr1k1/pp1b1ppp/2n2b2/3p4/3N4/2R1B1P1/PP2PPBP/3Q1RK1 w - - 0 1,Rc5,c3c5,0.545226290395555,0.5266697440308632,49,29,c3c5,True,0.545226290395555,0.5266697440308632,49,29,g2d5,False,0.5008522218240097,0.5340066578563346,0,37
5rk1/pb2q1pp/1r1bpn2/2ppNp2/2P5/PP2P1P1/1BQ2PBP/2R2RK1 b - - 0 1,d4,d5d4,0.5413373134881763,0.6226385940780689,45,136,d5d4,True,0.5413373134881763,0.6226385940780689,45,136,d5d4,True,0.5413373134881763,0.6226385940780689,45,136
2kr2r1/ppq1np1p/2p1pn1P/1P4p1/P1PP4/3N2NQ/5PP1/R3R1K1 w - - 0 1,d5,d4d5,0.5928413862140234,0.649897670785642,102,168,d4d5,True,0.5928413862140234,0.649897670785642,102,168,d4d5,True,0.5928413862140234,0.649897670785642,102,168
3q2k1/b2r1ppp/p1n5/1p1p4/3Pr3/1Q1NP1P1/PP1B1R1P/5R1K w - - 0 1,a4,a2a4,0.5760871935010632,0.522078114090291,83,24,a2a4,True,0.5760871935010632,0.522078114090291,83,24,f1c1,False,0.5552832522690043,0.5275875538925041,60,30
1k1rr3/1pp1qpb1/p2pbn1p/6p1/3BP3/1PN2P2/1PP1NQPP/1K1RR3 w - - 0 1,e5,e4e5,0.5052814666697474,0.676211637485054,5,200,b3b4,False,0.593470900621351,0.589244688568345,102,98,e4e5,True,0.5052814666697474,0.676211637485054,5,200
r2q1rk1/p1pn1pp1/1p2pn1p/7b/Q1BP3B/P1N1P1R1/1P3P1P/R3K3 w Q - 0 1,Bb5,c4b5,0.48553533185002423,0.5640820298184349,-15,70,a4c6,False,0.5158874859424539,0.5055228953683342,17,6,c4b5,True,0.48553533185002423,0.5640820298184349,-15,70
r3k2r/pp3pp1/2b1p3/3pP2n/3P3P/3B1N2/PP1K1P2/2R3R1 w kq - 0 1,b4,b2b4,0.5769506075780488,0.589244688568345,84,98,g1g2,False,0.5786515780775456,0.5667962794387497,86,73,b2b4,True,0.5769506075780488,0.589244688568345,84,98
r2qr1k1/pp1b1pbp/n4np1/2pP4/2Q4N/2N1B3/PP2BPPP/R2R2K1 b - - 0 1,b5,b7b5,0.6141617518969278,0.6423206501894636,126,159,b7b5,True,0.6141617518969278,0.6423206501894636,126,159,b7b5,True,0.6141617518969278,0.6423206501894636,126,159
r1b1k2r/p2qbppp/1pp5/1P1pPp2/Pn1P4/2N2N2/2P2PPP/1RBQ1RK1 w kq - 0 1,e6,e5e6,0.7017314925081489,0.7979314733413094,232,373,e5e6,True,0.7017314925081489,0.7979314733413094,232,373,e5e6,True,0.7017314925081489,0.7979314733413094,232,373
r2qr1k1/1p2bppp/p1p1bn2/2Pp4/1P1P1B2/2NB4/P1Q2PPP/R4RK1 w - - 0 1,Na4,c3a4,0.600971865530383,0.585675286773559,111,94,c3a4,True,0.600971865530383,0.585675286773559,111,94,c3a4,True,0.600971865530383,0.585675286773559,111,94
r1b2rk1/p4pbp/1p1q2p1/nB1Pp3/4P2P/2R1B3/P3NPP1/3Q1K1R w - - 0 1,Bc1,e3c1,0.5877266843349331,0.623503343299711,96,137,h4h5,False,0.5924439987258485,0.5820968656397246,101,90,e3c1,True,0.5877266843349331,0.623503343299711,96,137
5rk1/5ppp/p1pb1r2/1p3q2/3P4/1PP3P1/P3QB1P/3RR1K1 b - - 0 1,h5,h7h5,0.5779423364105567,0.5477213400816676,85,52,h7h5,True,0.5779423364105567,0.5477213400816676,85,52,h7h5,True,0.5779423364105567,0.5477213400816676,85,52
2rq1rk1/1b1n1pb1/pp1ppnpp/8/1PP1PPP1/2NBN2R/P2B3P/1R2Q1K1 b - - 0 1,g5,g6g5,0.5821073268252248,0.6139489294360486,90,126,b6b5,False,0.6034545518002985,0.6540749558280547,114,173,b6b5,False,0.6034545518002985,0.6540749558280547,114,173
r1r3k1/1b1n1ppp/p2Bpn2/1p6/8/1BPRPP2/P1N3PP/4K2R b K - 0 1,a5,a6a5,0.5993581675365378,0.613075853553636,109,125,a6a5,True,0.5993581675365378,0.613075853553636,109,125,a6a5,True,0.5993581675365378,0.613075853553636,109,125
r1bq1rk1/p3bppp/1np1p3/8/3P4/1BN2Q2/PP3PPP/R1B2RK1 b - - 0 1,Qxd4,d8d4,0.5010830273343758,0.5046024700028845,1,5,d8d4,True,0.5010830273343758,0.5046024700028845,1,5,d8d4,True,0.5010830273343758,0.5046024700028845,1,5
r1b2rk1/pp2q1pp/2p1pn2/3p4/2PP4/1P2PRP1/PQN3BP/R5K1 b - - 0 1,Bd7,c8d7,0.5271871910994352,0.5092041601288086,29,10,c8d7,True,0.5271871910994352,0.5092041601288086,29,10,h7h6,False,0.5036220755077228,0.5229967635676993,3,25
r3k2r/1bpqppb1/pn4p1/1p1pPn1p/3P1P2/2NB1N2/PPP1QBPP/2KR3R w kq - 0 1,Nb1,c3b1,0.6137715440552873,0.6321068166142683,125,147,c3b1,True,0.6137715440552873,0.6321068166142683,125,147,c3b1,True,0.6137715440552873,0.6321068166142683,125,147
r4rk1/1p3pbp/1P1pb1p1/4p3/1P2P2q/4B3/4BPPP/2RQ1RK1 w - - 0 1,Bf3,e2f3,0.6037961666820353,0.648220254322344,114,166,e2c4,False,0.6261438046953294,0.6515713880482262,140,170,e2c4,False,0.6261438046953294,0.6515713880482262,140,170
r1b1nrk1/2q2ppp/pn1b4/1ppPp1B1/4P3/1PN2N2/P4PPP/R2QRBK1 w - - 0 1,a4,a2a4,0.6168078882682365,0.5731136939018822,129,80,a2a4,True,0.6168078882682365,0.5731136939018822,129,80,f3d2,False,0.5764400164383277,0.5847815132358991,83,93
2r1k2r/1p3p1p/4bp2/p1q1p3/2P1P3/1PQ5/4BPPP/1R1R2K1 w k - 0 1,h3,h2h3,0.5898279227090768,0.5998952814867482,98,110,h2h3,True,0.5898279227090768,0.5998952814867482,98,110,h2h3,True,0.5898279227090768,0.5998952814867482,98,110
r1bq1rk1/pppn2bp/3ppnp1/8/2P1P3/P1NB1N2/1P3PPP/R1BQ1RK1 w - - 0 1,e5,e4e5,0.5578623608320541,0.5440703011199586,63,48,e4e5,True,0.5578623608320541,0.5440703011199586,63,48,e4e5,True,0.5578623608320541,0.5440703011199586,63,48
q1r3k1/3npp1p/pp1p2p1/1P2r3/P1PNP2P/5PP1/2RQ2K1/1R6 b - - 0 1,Rec5,e5c5,0.4873168213461234,0.5486333135073832,-13,53,e5c5,True,0.4873168213461234,0.5486333135073832,-13,53,e5c5,True,0.4873168213461234,0.5486333135073832,-13,53
4k1r1/1b1nbp1p/3qp3/rB6/P2p1p1B/R4N2/1P2QPPP/2R3K1 w - - 0 1,Qe4,e2e4,0.5592798649389996,0.7801662604387296,64,344,h4e7,False,0.6230292088131528,0.5945811119487451,136,104,e2e4,True,0.5592798649389996,0.7801662604387296,64,344
4rrk1/pp1b2bp/nq1p2p1/2pP1p2/2P2Pn1/P1NB1R2/1PQBN1PP/1R4K1 b - - 0 1,Nb4,a6b4,0.6215247792156748,0.5540980866051488,134,59,a6b4,True,0.6215247792156748,0.5540980866051488,134,59,a6b4,True,0.6215247792156748,0.5540980866051488,134,59
r1bq1rk1/1pp2pbn/n2p2p1/p2Pp3/2P1P1P1/2N1B3/PP1NBP2/R2QK2R b KQ - 0 1,Bf6,g7f6,0.4069685818052273,0.38779794964864106,-102,-124,g7f6,True,0.4069685818052273,0.38779794964864106,-102,-124,g7f6,True,0.4069685818052273,0.38779794964864106,-102,-124
r4rk1/3bppbp/1q4p1/np1pP3/3P4/1P2BN2/4BPPP/R2Q1RK1 w - - 0 1,Ne1,f3e1,0.5502462021883125,0.5713110574149894,54,78,h2h4,False,0.5512944611107944,0.5613639348680176,55,67,f3e1,True,0.5502462021883125,0.5713110574149894,54,78
rn1q1rk1/pbppbppp/1p2pn2/8/2PP1B2/4PN2/PP1NBPPP/R2Q1RK1 b - - 0 1,Nh5,f6h5,0.5193769184894075,0.5239152574834706,21,26,f6h5,True,0.5193769184894075,0.5239152574834706,21,26,f6h5,True,0.5193769184894075,0.5239152574834706,21,26
r1b2rk1/1p1nqpbp/p2p4/2pP2pn/P3P3/2NB1N1P/1P3PPB/R2Q1RK1 w - - 0 1,e5,e4e5,0.6599031700840885,0.7247978839371,180,263,e4e5,True,0.6599031700840885,0.7247978839371,180,263,e4e5,True,0.6599031700840885,0.7247978839371,180,263
r2qkbnr/pppnpp1p/3p2p1/8/2PP2b1/2N2N2/PP2PPPP/R1BQKB1R w KQkq - 0 1,Ng5,f3g5,0.568652956308744,0.6226385940780689,75,136,f3g1,False,0.5817986514355765,0.6025436609853058,89,113,f3g5,True,0.568652956308744,0.6226385940780689,75,136
r2q1rk1/pppnppbp/2n3p1/P7/3PP3/1QN1BP2/1P3P1P/R3KB1R w KQ - 0 1,e5,e4e5,0.6344309297935038,0.6139489294360486,149,126,e4e5,True,0.6344309297935038,0.6139489294360486,149,126,e4e5,True,0.6344309297935038,0.6139489294360486,149,126
3r4/p2q1kp1/Bp1nbp2/3p3p/1Q1P1B1P/PP6/5PP1/2R3K1 b - - 0 1,Qe7,d7e7,0.39635120892940995,0.41700770288330274,-114,-91,d7e7,True,0.39635120892940995,0.41700770288330274,-114,-91,d7e7,True,0.39635120892940995,0.41700770288330274,-114,-91
r3qbk1/1b3ppp/p1p2n2/n2P4/P1Pp4/3B1N1P/3N1PP1/R1BQ2K1 w - - 0 1,Nb3,d2b3,0.5790838385496258,0.6278152022123592,86,142,d2b3,True,0.5790838385496258,0.6278152022123592,86,142,d2b3,True,0.5790838385496258,0.6278152022123592,86,142
1k1b2rr/3b1p2/p2ppp2/1pq2P2/4PN1p/3B1Q2/PPP3PP/1K1RR3 w - - 0 1,c3,c2c3,0.5588040951119799,0.5667962794387497,64,73,c2c3,True,0.5588040951119799,0.5667962794387497,64,73,f3f1,False,0.5352087500510206,0.5677001476173855,38,74
r5kr/1bqn1p1p/p3p1pQ/2p1P3/N1Pp4/1P1B4/P4PPP/R3R1K1 w - - 0 1,Be4,d3e4,0.5476639600789339,0.5431567852197504,51,47,f2f4,False,0.5816797124759463,0.5631764176433595,89,69,f2f4,False,0.5816797124759463,0.5631764176433595,89,69
3rr1k1/1p1nqp1p/p2b2p1/2p1p3/1P2P3/PQBP1NP1/5P1P/3RR1K1 w - - 0 1,b5,b4b5,0.5338735883910999,0.5385849714102531,36,42,g1g2,False,0.5342931825199315,0.5303398401818216,37,33,b4b5,True,0.5338735883910999,0.5385849714102531,36,42
rn1r2k1/pp2bppp/2p1bn2/8/2PP4/2NB1N2/PP1B2PP/4RRK1 w - - 0 1,Ne2,c3e2,0.569305356479059,0.5631764176433595,75,69,c3e2,True,0.569305356479059,0.5631764176433595,75,69,c3e2,True,0.569305356479059,0.5631764176433595,75,69
r1bq1rk1/p3npp1/2p1pb1p/8/N2P4/5N2/PP1B1PPP/R2QR1K1 w - - 0 1,Bb4,d2b4,0.548418594462524,0.5248335896523929,52,27,d2b4,True,0.548418594462524,0.5248335896523929,52,27,d2b4,True,0.548418594462524,0.5248335896523929,52,27
rn3rk1/ppq2ppp/4b3/nBP1p3/1Q2P3/P1P1BP2/4N1PP/R4RK1 w - - 0 1,Nd4,e2d4,0.5618537536497268,0.5358387144707508,67,39,e2d4,True,0.5618537536497268,0.5358387144707508,67,39,e2d4,True,0.5618537536497268,0.5358387144707508,67,39
r2qk1nr/pp1bppbp/3p2p1/n1p5/2B1PP2/2NP1N2/PPP3PP/R1BQ1RK1 b kq - 0 1,Nxc4,a5c4,0.60804427800969,0.6043059266170111,119,115,a5c4,True,0.60804427800969,0.6043059266170111,119,115,g7c3,False,0.5867936968901045,0.6051860475782356,95,116
r2q1r2/1pp3kp/p1np2p1/2n1ppb1/4P3/2PPBQ1P/PPB1NPP1/R3R1K1 w - - 0 1,Bxc5,e3c5,0.552838443924943,0.5767131009559461,57,84,e4f5,False,0.5868011222725686,0.5531881623684916,95,58,e3c5,True,0.552838443924943,0.5767131009559461,57,84
3rr1k1/pp1bbppp/1q2pn2/8/3N1B2/1BP2Q2/PP3PPP/R3R1K1 w - - 0 1,Be5,f4e5,0.563403337743728,0.5321736834106171,69,35,f4e5,True,0.563403337743728,0.5321736834106171,69,35,a1b1,False,0.5320709210363332,0.5385849714102531,34,42
3r1rk1/pp4pp/2n1pq2/2np3b/5P2/P1NB1NP1/1PPQ3P/4RRK1 w - - 0 1,Ne5,f3e5,0.5084280236517968,0.5,9,0,f3e5,True,0.5084280236517968,0.5,9,0,f3e5,True,0.5084280236517968,0.5,9,0
r4rk1/p3pp1p/1np1b1p1/4Q3/N1P3P1/qP3P2/P6P/1K1R1B1R w - - 0 1,Qc5,e5c5,0.6275615880474731,0.6278152022123592,141,142,e5c5,True,0.6275615880474731,0.6278152022123592,141,142,e5c5,True,0.6275615880474731,0.6278152022123592,141,142
1rb1r1k1/1p1nqp1p/p2b1np1/4p3/1P1N4/P1N1P2P/1BQRBPP1/R5K1 w - - 0 1,Ndb5,d4b5,0.6972799300744367,0.7679329346529504,226,325,d4b5,True,0.6972799300744367,0.7679329346529504,226,325,d4b5,True,0.6972799300744367,0.7679329346529504,226,325
1rb2rk1/2q1bppp/p1p1pn2/6B1/2NP4/2P2B2/P4PPP/R2QK2R w KQ - 0 1,Bh4,g5h4,0.5768532652391867,0.6243673063917166,84,138,g5h4,True,0.5768532652391867,0.6243673063917166,84,138,g5h4,True,0.5768532652391867,0.6243673063917166,84,138
1q1rr1k1/1p2ppbp/p1np2p1/2n5/2PNP3/4BP2/PP1QB1PP/2RR2K1 b - - 0 1,Nxd4,c6d4,0.49880777552316435,0.5184020844121936,-1,20,g7d4,False,0.5055123008810791,0.5239152574834706,5,26,g7d4,False,0.5055123008810791,0.5239152574834706,5,26
r1q1rbk1/2p2ppp/p4Bb1/2p3Q1/N1P5/1P3P2/P5PP/R3R1K1 w - - 0 1,Be7,f6e7,0.4075732660344379,0.5910258971916128,-101,100,f6c3,False,0.5212713230814141,0.5055228953683342,23,6,f6e7,True,0.4075732660344379,0.5910258971916128,-101,100
5rk1/1pr1nppp/pq1Np3/3pP3/1P3P2/P2Q1R2/2P3PP/3R3K b - - 0 1,Qc6,b6c6,0.529033280903285,0.5303398401818216,31,33,g7g6,False,0.5305579681650359,0.5,33,0,b6c6,True,0.529033280903285,0.5303398401818216,31,33
2rq1rk1/pp1nbppp/2p1p1b1/P2pPn2/2PP4/1N3N2/1P1BBPPP/R2Q1RK1 b - - 0 1,dxc4,d5c4,0.5267695446737122,0.5285051773118131,29,31,d5c4,True,0.5267695446737122,0.5285051773118131,29,31,d5c4,True,0.5267695446737122,0.5285051773118131,29,31
1rb3k1/2q3b1/p1npB1p1/8/5P1B/7Q/PP4PP/5R1K b - - 0 1,Bxe6,c8e6,0.609056002010528,0.6414742687583961,120,158,c8e6,True,0.609056002010528,0.6414742687583961,120,158,c8e6,True,0.609056002010528,0.6414742687583961,120,158
1r5r/p3npk1/2bq2p1/2pp4/3n1PP1/PpNP2B1/1P1Q2B1/4RRK1 b - - 0 1,Rbe8,b8e8,0.576323948341583,0.6465391720148663,83,164,f7f5,False,0.595047958499069,0.5767131009559461,104,84,b8e8,True,0.576323948341583,0.6465391720148663,83,164
rn3rk1/p2pqpb1/bpp1p3/4N2p/2PP2pP/1QN3P1/PP2PPB1/R2R2K1 w - - 0 1,e3,e2e3,0.6389655319427465,0.6881849068891515,155,215,a1c1,False,0.6521346744334812,0.6490594228774123,170,167,e2e3,True,0.6389655319427465,0.6881849068891515,155,215
2rq1rk1/3pbppp/p3p3/1p1bP3/3P4/4Q3/PP1B1PPP/R3NRK1 b - - 0 1,d6,d7d6,0.5875182039227762,0.603425129353426,96,114,d7d6,True,0.5875182039227762,0.603425129353426,96,114,d7d6,True,0.5875182039227762,0.603425129353426,96,114
r1b1kb1r/3p1ppp/p3p3/1p6/2q1PP2/2N1B3/PPPQ2PP/1K1R3R w kq - 0 1,Bd4,e3d4,0.6295921514406834,0.6260928550975975,144,140,f4f5,False,0.6381155487318517,0.6372292155838937,154,153,h1f1,False,0.6257397094472258,0.6397788635128212,139,156
r4rk1/1pq1npbp/4p1p1/1BPpn3/1P3B2/5N1P/2P2PP1/1R1Q1RK1 w - - 0 1,Kh1,g1h1,0.6459072663395549,0.6607092522793869,163,181,g1h1,True,0.6459072663395549,0.6607092522793869,163,181,g1h1,True,0.6459072663395549,0.6607092522793869,163,181
rn3rk1/ppqbbppp/4pn2/8/1PN5/NQ2P1P1/P2B1PBP/R3K2R w KQ - 0 1,b5,b4b5,0.5791579447764112,0.5486333135073832,86,53,b4b5,True,0.5791579447764112,0.5486333135073832,86,53,b4b5,True,0.5791579447764112,0.5486333135073832,86,53
1rb1k2r/1pqnb1pp/p2ppp2/8/P2QP3/2N1BN1P/1PP2PP1/R2R2K1 w k - 0 1,Qa7,d4a7,0.5659518992295103,0.6582286101488871,72,178,f3d2,False,0.5708346185074129,0.591915609324709,77,101,d4a7,True,0.5659518992295103,0.6582286101488871,72,178
r3k1r1/pb6/1p1Bq2p/P1p1Pp2/6P1/6Q1/2P3PP/1R2R1K1 w q - 0 1,h3,h2h3,0.6884515922382338,0.7196270640184792,215,256,h2h3,True,0.6884515922382338,0.7196270640184792,215,256,h2h3,True,0.6884515922382338,0.7196270640184792,215,256
5r1k/1p2b1pp/p2p4/4p2q/4Pr2/P2R1PR1/NPP1Q2P/1K6 w - - 0 1,Qg2,e2g2,0.5816919150294108,0.5677001476173855,89,74,e2g2,True,0.5816919150294108,0.5677001476173855,89,74,e2g2,True,0.5816919150294108,0.5677001476173855,89,74
5br1/5q1k/rpp2pp1/p1p1p2n/P1P1P1RP/3P1N2/2PB1PQK/1R6 w - - 0 1,Ng1,f3g1,0.5823682378995068,0.591915609324709,90,101,f3g1,True,0.5823682378995068,0.591915609324709,90,101,f3g1,True,0.5823682378995068,0.591915609324709,90,101
2r1kbr1/5p2/p3p2p/1pP1P2n/2p1NB1P/5P2/PP3P2/3RK2R b K - 0 1,f5,f7f5,0.4961744053117614,0.4852759384118717,-4,-16,f7f5,True,0.4961744053117614,0.4852759384118717,-4,-16,f7f5,True,0.4961744053117614,0.4852759384118717,-4,-16
2r1r1k1/1p2bppp/p2pb3/6P1/2q1PQ2/1NN5/PPP4P/1K1R2R1 w - - 0 1,h4,h2h4,0.5474269277614372,0.5440703011199586,51,48,h2h4,True,0.5474269277614372,0.5440703011199586,51,48,h2h4,True,0.5474269277614372,0.5440703011199586,51,48
2bq1rk1/4bppp/1Pp2n2/2Pp4/1p6/1N3PP1/2Q2P1P/B3KB1R w K - 0 1,h4,h2h4,0.6153063592310252,0.664824067524339,127,186,f1d3,False,0.6757330914037202,0.6590564612649169,199,179,h2h4,True,0.6153063592310252,0.664824067524339,127,186
3r1r1k/5ppp/p1Bp1n2/3P4/3Q4/6RP/1Pq2PP1/4R1K1 w - - 0 1,b4,b2b4,0.649996579001435,0.7181388417094262,168,254,b2b4,True,0.649996579001435,0.7181388417094262,168,254,b2b4,True,0.649996579001435,0.7181388417094262,168,254
2r3k1/p2n1pbp/qp2p1p1/4P1BP/3P1Q2/5N2/P2R1PP1/2rR2K1 w - - 0 1,Be7,g5e7,0.5772226856912152,0.6802294368681915,84,205,h5h6,False,0.622058275210679,0.5686035652810878,135,75,g5e7,True,0.5772226856912152,0.6802294368681915,84,205
4q1k1/pb1n1ppp/1ppb1n2/6N1/2PP4/2N3P1/PBQ2P1P/5BK1 w - - 0 1,c5,c4c5,0.5474567388903194,0.5695065266470701,51,76,c4c5,True,0.5474567388903194,0.5695065266470701,51,76,c4c5,True,0.5474567388903194,0.5695065266470701,51,76
r4rk1/pp3ppp/4pn2/2bqN1B1/8/8/PPP1QPPP/R4RK1 w - - 0 1,Rfe1,f1e1,0.5409720465061936,0.49355671670047907,44,-7,g5f6,False,0.554982222961628,0.48619570897068454,59,-15,f1d1,False,0.5015106494593065,0.49539752999711567,1,-5
6r1/1pp2r2/2k1p1pb/p1p1Pn1p/P1P2P2/NP1R2PP/6K1/2BR4 w - - 0 1,h4,h3h4,0.5738550152961444,0.5,80,0,h3h4,True,0.5738550152961444,0.5,80,0,d3d8,False,0.5709997387871776,0.5275875538925041,77,30
4r1k1/pp2rb1p/2p3p1/5pR1/1P1P1N1P/4PP2/1P3K2/4R3 w - - 0 1,Nd3,f4d3,0.5655104686068528,0.5340066578563346,71,37,f4d3,True,0.5655104686068528,0.5340066578563346,71,37,g5g1,False,0.5502210364644057,0.5394998785122574,54,43
2r1k1r1/3pb3/p1q1pp2/7p/PpP1NPn1/1P3Q2/1B4PP/R4R1K w - - 0 1,f5,f4f5,0.5931050588861346,0.6312501413084699,102,146,f4f5,True,0.5931050588861346,0.6312501413084699,102,146,f4f5,True,0.5931050588861346,0.6312501413084699,102,146
r1bqnrk1/p3p1bp/1pp2ppB/2p5/4P3/2NP1N1P/PPPQ1PP1/R3K2R w KQ - 0 1,e5,e4e5,0.5640432545648244,0.5285051773118131,69,31,e4e5,True,0.5640432545648244,0.5285051773118131,69,31,h6g7,False,0.5440152650308823,0.53675438329054,47,40
2r5/1p2p1k1/3pP3/2bP2p1/2R2pPp/1B3P2/P6P/7K b - - 0 1,h3,h4h3,0.7146312236695301,0.7518131775349546,249,301,h4h3,True,0.7146312236695301,0.7518131775349546,249,301,b7b5,False,0.6620322166590907,0.7718467521712883,182,331
5k1r/7p/1p1r1pp1/p1nP4/4P3/4RP2/B5PP/1R4K1 b - - 0 1,g5,g6g5,0.4312046953087866,0.4009888189823705,-75,-109,g6g5,True,0.4312046953087866,0.4009888189823705,-75,-109,g6g5,True,0.4312046953087866,0.4009888189823705,-75,-109
5rk1/p1pB2np/2Pp2pB/1p1Pp1Q1/4P2P/8/1q4N1/6K1 w - - 0 1,Bf5,d7f5,0.5425674210978488,0.8490148923385837,46,469,g1h2,False,0.6146393682044304,0.5036820134406647,126,4,d7f5,True,0.5425674210978488,0.8490148923385837,46,469
8/p3nk2/1p2Np2/4nPpp/2q1P3/P5PP/b2Q1BBK/8 b - - 0 1,Bb3,a2b3,0.3826919129682751,0.5,-129,0,a2b3,True,0.3826919129682751,0.5,-129,0,a2b3,True,0.3826919129682751,0.5,-129,0
5rk1/p1Q5/1p3Pq1/2pr3p/P2Bp2P/R7/1P4PK/8 b - - 0 1,e3,e4e3,0.5131892014378763,0.7306344092139007,14,271,e4e3,True,0.5131892014378763,0.7306344092139007,14,271,e4e3,True,0.5131892014378763,0.7306344092139007,14,271
rn4k1/4qppp/p1pNp3/2P5/Pr1P4/5Q1P/5PP1/R2R2K1 w - - 0 1,a5,a4a5,0.7583687647650461,0.7685884778152217,310,326,a4a5,True,0.7583687647650461,0.7685884778152217,310,326,a4a5,True,0.7583687647650461,0.7685884778152217,310,326
2r2rk1/pb1qbppp/np2p3/3p4/1P1P4/P1N3P1/3BPPBP/R2Q1RK1 b - - 0 1,Nc7,a6c7,0.5525788444370348,0.5477213400816676,57,52,a6c7,True,0.5525788444370348,0.5477213400816676,57,52,a6c7,True,0.5525788444370348,0.5477213400816676,57,52
r4rk1/pp1bnpb1/1q2p2p/3p2pB/2pPP3/2P3P1/PPQN1PPN/R4RK1 w - - 0 1,e5,e4e5,0.6236739289006448,0.6406270050754315,137,157,e4e5,True,0.6236739289006448,0.6406270050754315,137,157,e4e5,True,0.6236739289006448,0.6406270050754315,137,157
3nr1k1/2qbbppp/5n2/1pp1p3/4P3/1BPPNN2/3B1PPP/Q3R1K1 w - - 0 1,c4,c3c4,0.5925166150747396,0.5928047194327711,101,102,c3c4,True,0.5925166150747396,0.5928047194327711,101,102,c3c4,True,0.5925166150747396,0.5928047194327711,101,102
r2q1rk1/2pnbppp/p2p4/3P4/Pp6/1B6/1PP2PPP/R1BQR1K1 w - - 0 1,a5,a4a5,0.549278097380343,0.5477213400816676,53,52,a4a5,True,0.549278097380343,0.5477213400816676,53,52,d1d2,False,0.5236417354711018,0.5586421525846197,25,64
r1r3k1/p4pp1/6b1/4P2p/5B2/P2p1PP1/1P3RP1/R5K1 w - - 0 1,Bd2,f4d2,0.5298118975041277,0.5092041601288086,32,10,f4d2,True,0.5298118975041277,0.5092041601288086,32,10,f4d2,True,0.5298118975041277,0.5092041601288086,32,10
2rq1rk1/1b2bpp1/2p1pn1p/pp6/3PN3/P2BP3/1PQB1PPP/R4RK1 b - - 0 1,c5,c6c5,0.4686006911983169,0.5156437324214209,-34,17,f6e4,False,0.4845904341790293,0.5,-16,0,c6c5,True,0.4686006911983169,0.5156437324214209,-34,17
1r3rk1/q2n1nbp/b1pp1pp1/p3p3/N1PPP3/5NB1/P1Q1BPPP/3RR1K1 w - - 0 1,c5,c4c5,0.5798815825242211,0.6389298484637961,87,155,c4c5,True,0.5798815825242211,0.6389298484637961,87,155,c4c5,True,0.5798815825242211,0.6389298484637961,87,155
rn2k1nr/pp2ppbp/2pp2p1/8/N1PPP3/q7/P2B1PPP/R2QKB1R w KQkq - 0 1,h4,h2h4,0.653606471930882,0.7075881993130916,172,240,d2c1,False,0.6693413410483087,0.6881849068891515,191,215,h2h4,True,0.653606471930882,0.7075881993130916,172,240
r2q1rk1/p2n1ppp/1p2p3/3b4/3P4/P1BB3Q/1P3PPP/R3K2R b KQ - 0 1,f5,f7f5,0.5092779107510377,0.5,10,0,d7f6,False,0.5098219157321637,0.5,10,0,f7f5,True,0.5092779107510377,0.5,10,0
2r1k2r/pb3pp1/1q1bp2p/2n3P1/1p1Q3P/4PN2/PP1BBP2/R3K1R1 b Qk - 0 1,Bxf3,b7f3,0.613443340355724,0.6278152022123592,125,142,b7f3,True,0.613443340355724,0.6278152022123592,125,142,b7f3,True,0.613443340355724,0.6278152022123592,125,142
2r1k2r/1q1nbpp1/p3p2p/1p1b4/3N1B1P/3B1P2/PPPQR1P1/1K1R4 b k - 0 1,Nc5,d7c5,0.5454813048695591,0.6122020503513589,49,124,d7c5,True,0.5454813048695591,0.6122020503513589,49,124,d7c5,True,0.5454813048695591,0.6122020503513589,49,124
r2qkb1r/1p3ppp/pn1pbn2/N3p3/4P1P1/2N1BP2/PPP4P/R2QKB1R b KQkq - 0 1,d5,d6d5,0.6383390588425681,0.705297423779081,154,237,d6d5,True,0.6383390588425681,0.705297423779081,154,237,d6d5,True,0.6383390588425681,0.705297423779081,154,237
5rk1/1p4pp/pB1p3q/b2P4/N1P5/3Q2Pb/PP5P/3R2K1 b - - 0 1,Bxb6+,a5b6,0.735352625057506,0.8707174761414801,277,518,a5b6,True,0.735352625057506,0.8707174761414801,277,518,a5b6,True,0.735352625057506,0.8707174761414801,277,518
r2qr1k1/ppb2ppp/2p1pnb1/8/4P1P1/BPP2B1P/P2NQP2/3R1RK1 b - - 0 1,Nd5,f6d5,0.62102783977733,0.7158975342204064,134,251,f6d5,True,0.62102783977733,0.7158975342204064,134,251,f6d5,True,0.62102783977733,0.7158975342204064,134,251
2r2rk1/pp3ppp/1b2q3/2ppPN2/3P4/2P2Q2/P4PPP/R4RK1 w - - 0 1,c4,c3c4,0.494775867516161,0.6754049255580261,-5,199,a1d1,False,0.5357217452108284,0.5504562746820834,38,55,c3c4,True,0.494775867516161,0.6754049255580261,-5,199
2r2rk1/1p1bbppp/p2ppn2/5P2/P2BP3/1BN5/1PP3PP/3R1R1K b - - 0 1,e5,e6e5,0.4918721713131767,0.5018410316799476,-8,2,e6f5,False,0.4971362698030942,0.4944771046316658,-3,-6,e6e5,True,0.4918721713131767,0.5018410316799476,-8,2
5rk1/pppq3p/2npbrp1/4pp2/2PPP3/6P1/PP1QNPBP/2R2RK1 b - - 0 1,f4,f5f4,0.4993085117488818,0.5009205189599892,0,1,f5f4,True,0.4993085117488818,0.5009205189599892,0,1,f5f4,True,0.4993085117488818,0.5009205189599892,0,1
r1r2bk1/1q1n1pp1/2n1p2p/3pP2N/1p1P3P/1P3N2/2RB1PP1/2RQ2K1 w - - 0 1,g4,g2g4,0.5421336456082543,0.5847815132358991,45,93,g2g4,True,0.5421336456082543,0.5847815132358991,45,93,g2g4,True,0.5421336456082543,0.5847815132358991,45,93
2rqr1k1/p4pp1/1pp1bn1p/3pB3/2PP1P2/3P2PP/P5B1/2RQ1RK1 b - - 0 1,dxc4,d5c4,0.49750651623893244,0.5082839219143761,-2,9,d5c4,True,0.49750651623893244,0.5082839219143761,-2,9,d5c4,True,0.49750651623893244,0.5082839219143761,-2,9
4qr2/5knQ/2p1pp2/ppP5/8/PP3N2/5PK1/7R w - - 0 1,Nd2,f3d2,0.5427644886615243,0.77635380603982,46,338,h1h6,False,0.5919424349393378,0.5829922971166973,101,91,f3d2,True,0.5427644886615243,0.77635380603982,46,338
1r2r1k1/1bq2pbp/2pp2p1/p1n5/2PB4/P3P1P1/2QN1PBP/2R1R1K1 w - - 0 1,Bxc5,d4c5,0.5617232172936528,0.5340066578563346,67,37,c1b1,False,0.5696524890719257,0.5631764176433595,76,69,c1b1,False,0.5696524890719257,0.5631764176433595,76,69
r1b1r1k1/pp1n1pbp/2pp1np1/3Pp3/2P1P3/1PN2NP1/P4PBP/R1BR2K1 b - - 0 1,Nc5,d7c5,0.43512954349316146,0.46324561670945996,-70,-40,c6d5,False,0.4356036524920809,0.4259857125367345,-70,-81,d7c5,True,0.43512954349316146,0.46324561670945996,-70,-40
r1b1r1k1/1pq3bp/n1pp1np1/p3pp2/2PPP3/PP3NP1/1BQN1PBP/R4RK1 w - - 0 1,c5,c4c5,0.5701186483025296,0.5865684965842631,76,95,c4c5,True,0.5701186483025296,0.5865684965842631,76,95,c4c5,True,0.5701186483025296,0.5865684965842631,76,95
2rq1rk1/pbp2ppp/1p1b4/3p4/3Pn3/P3P1P1/1PQBNPBP/2RR2K1 w - - 0 1,Bb4,d2b4,0.5492336248934107,0.5767131009559461,53,84,d2b4,True,0.5492336248934107,0.5767131009559461,53,84,d2b4,True,0.5492336248934107,0.5767131009559461,53,84
6k1/r4p1p/2Bp1bp1/2nPp3/2P5/r4P1P/2Q3P1/1R5K b - - 0 1,e4,e5e4,0.7444096102274829,0.837835112999932,290,446,e5e4,True,0.7444096102274829,0.837835112999932,290,446,e5e4,True,0.7444096102274829,0.837835112999932,290,446
r1br4/ppk2pp1/3bp2p/8/5PP1/3R2B1/PPP3B1/2KR4 b - - 0 1,f5,f7f5,0.39137651799475787,0.46416128552924907,-119,-39,f7f5,True,0.39137651799475787,0.46416128552924907,-119,-39,f7f5,True,0.39137651799475787,0.46416128552924907,-119,-39
3qr1k1/p4pb1/r5p1/1p1p3p/1PbN3P/P3P1P1/3Q1PB1/R2R2K1 b - - 0 1,g5,g6g5,0.5884326538245905,0.6295343100667656,97,144,g6g5,True,0.5884326538245905,0.6295343100667656,97,144,g6g5,True,0.5884326538245905,0.6295343100667656,97,144
r3k2r/pp2n1pp/1qn1bp2/4p3/Q3P3/B1P3P1/P2N1PBP/R4RK1 b kq - 0 1,Qa5,b6a5,0.5176792317415901,0.5404145195219514,19,44,b6a5,True,0.5176792317415901,0.5404145195219514,19,44,b6a5,True,0.5176792317415901,0.5404145195219514,19,44
2r3r1/1p2k1pp/pB2ppb1/P7/1bB1P3/1P1R1P2/4K1PP/R7 b - - 0 1,Rc6,c8c6,0.37329973018441187,0.47975962678773254,-140,-22,g6e8,False,0.4810931854088076,0.45319095389262815,-20,-51,c8c6,True,0.37329973018441187,0.47975962678773254,-140,-22
r3qrk1/1ppb1pbp/3p2p1/p1nPp2n/2P1P3/2N1BN1P/PPB2PP1/R2QR1K1 w - - 0 1,Bxc5,e3c5,0.5686946184215831,0.5847815132358991,75,93,e3c5,True,0.5686946184215831,0.5847815132358991,75,93,a2a3,False,0.5543017600971007,0.585675286773559,59,94
r3k1r1/pb2qp2/1ppppn2/3Pn1p1/2P1P3/2Q3B1/PP1N1PP1/R3KB1R w KQq - 0 1,c5,c4c5,0.6583797097920927,0.7029962348564509,178,234,c4c5,True,0.6583797097920927,0.7029962348564509,178,234,c4c5,True,0.6583797097920927,0.7029962348564509,178,234
r1k3nr/pppb2bp/2n2pp1/4p3/2P1P3/2N1BNP1/PP3P1P/2KR1B1R w - - 0 1,Rxd7,d1d7,0.612699449245353,0.6689139863954203,124,191,d1d7,True,0.612699449245353,0.6689139863954203,124,191,d1d7,True,0.612699449245353,0.6689139863954203,124,191
r2qk2r/pp3pp1/1nn1b2p/3pP3/2pP4/2P1BN2/P1P1B1PP/R3QRK1 b kq - 0 1,Na4,b6a4,0.4387920017077991,0.4071952805672289,-66,-102,b6a4,True,0.4387920017077991,0.4071952805672289,-66,-102,d8e7,False,0.36986751334057233,0.4241860033205554,-144,-83
5rk1/2pq2p1/4b3/1p6/3P1r2/5NQ1/1P4PP/R3R1K1 w - - 0 1,Ra8,a1a8,0.4987358180103869,0.5847815132358991,-1,93,h2h3,False,0.5448629269936498,0.5358387144707508,48,39,a1a8,True,0.4987358180103869,0.5847815132358991,-1,93
2r3k1/pp3ppp/3p1bn1/P2P4/1PP2q2/3QRN2/6PP/1B5K b - - 0 1,Kf8,g8f8,0.6059055725487988,0.6183032245766588,116,131,g8f8,True,0.6059055725487988,0.6183032245766588,116,131,g8f8,True,0.6059055725487988,0.6183032245766588,116,131
5rk1/1p1nppb1/p1rpb2p/q2N4/3BPPpP/6P1/PPP2Q2/2KR1B1R b - - 0 1,Bxd5,e6d5,0.5472012040107201,0.589244688568345,51,98,e6d5,True,0.5472012040107201,0.589244688568345,51,98,e6d5,True,0.5472012040107201,0.589244688568345,51,98
r2q1rk1/1p1nbppb/4pn1p/1Pp5/p3P3/P4NP1/1BPN1PBP/R3QRK1 b - - 0 1,c4,c5c4,0.5295072000899438,0.5101243359708437,32,11,c5c4,True,0.5295072000899438,0.5101243359708437,32,11,c5c4,True,0.5295072000899438,0.5101243359708437,32,11
1k5r/3bbp1r/pqnppp2/1p6/4PP1p/1NN4R/PPP3PP/1K1RQB2 w - - 0 1,a4,a2a4,0.6232452439416492,0.6818291390214323,136,207,a2a4,True,0.6232452439416492,0.6818291390214323,136,207,a2a4,True,0.6232452439416492,0.6818291390214323,136,207
3b1rk1/1p1q1pp1/3p3p/1b1Pp3/nP2Q3/4BN1P/P4PP1/2R1R1K1 b - - 0 1,Nb2,a4b2,0.4973073140176443,0.5722126153120402,-2,79,a4b2,True,0.4973073140176443,0.5722126153120402,-2,79,a4b2,True,0.4973073140176443,0.5722126153120402,-2,79
4r1k1/5ppp/5n2/p1pnN3/PqNP4/1P3Q2/5PPP/2R3K1 w - - 0 1,g4,g2g4,0.6656584439992951,0.7750725757821421,187,336,g2g4,True,0.6656584439992951,0.7750725757821421,187,336,g2g4,True,0.6656584439992951,0.7750725757821421,187,336
2r1rbk1/3q1p1p/p1n3p1/1pp1P3/3pN3/1P3Q1P/PP1B1PP1/3RR1K1 b - - 0 1,Be7,f8e7,0.4873445923532731,0.4944771046316658,-13,-6,f8e7,True,0.4873445923532731,0.4944771046316658,-13,-6,f8e7,True,0.4873445923532731,0.4944771046316658,-13,-6
2r1k2r/1bqpbpp1/p1n1p2p/8/3N1PPP/4B3/PPPQ3R/2KR1B2 w k - 0 1,Nxc6,d4c6,0.5646152247481269,0.5658919665398462,70,72,d4c6,True,0.5646152247481269,0.5658919665398462,70,72,d4c6,True,0.5646152247481269,0.5658919665398462,70,72
4rrk1/3bq1bp/3n4/1pBPpp2/1Pp2P2/2N4P/2BQ2P1/4RRK1 w - - 0 1,fxe5,f4e5,0.6113722262405136,0.8322565195986901,123,435,f4e5,True,0.6113722262405136,0.8322565195986901,123,435,f4e5,True,0.6113722262405136,0.8322565195986901,123,435
r1b1k2r/p1p2p1p/2p1q1p1/4P3/1b3P2/2B5/PPQ3PP/R3KB1R b KQkq - 0 1,Qf5,e6f5,0.44877370381340387,0.5266697440308632,-55,29,a8b8,False,0.4609050505648131,0.4431743390334964,-42,-62,e6f5,True,0.44877370381340387,0.5266697440308632,-55,29
2r2rk1/p1qbppb1/6pp/8/2pPP3/2B3P1/P1Q2PBP/2RR2K1 w - - 0 1,d5,d4d5,0.5658958054245689,0.5631764176433595,72,69,c2d2,False,0.5720275076204073,0.5431567852197504,78,47,h2h4,False,0.5545916965030577,0.5658919665398462,59,72
r1bq1rk1/pp2bppp/2p2n2/8/2PB4/5PN1/PP1Q2PP/R3KB1R b KQ - 0 1,Bb4,e7b4,0.5612177313829454,0.5531881623684916,66,58,e7b4,True,0.5612177313829454,0.5531881623684916,66,58,d8c7,False,0.545192363567082,0.5622703840425896,49,68
r4rk1/ppq2pp1/3b1np1/2p5/8/1BP2QN1/PP3PPP/R4RK1 w - - 0 1,Bc4,b3c4,0.5143476100000492,0.5046024700028845,15,5,b3c4,True,0.5143476100000492,0.5046024700028845,15,5,h2h3,False,0.48277582773389893,0.5073636275599663,-18,8
r2q1rk1/ppnnppb1/3p2pp/2pP4/4P3/2P1BN2/PP3PPP/RN1QR1K1 b - - 0 1,f5,f7f5,0.48257533045194845,0.5211593152406621,-18,23,b7b5,False,0.5033691325628001,0.49631798655933523,3,-4,f7f5,True,0.48257533045194845,0.5211593152406621,-18,23
1qrr2k1/3b1pbp/p2ppnp1/8/2BNP3/1P2BP2/P2Q2PP/2RR2K1 b - - 0 1,d5,d6d5,0.46910778332093434,0.5,-33,0,d6d5,True,0.46910778332093434,0.5,-33,0,d6d5,True,0.46910778332093434,0.5,-33,0
6rk/p3b1qp/2p1bp1r/2p1p3/P3NpP1/1P1P1Q1P/1BP2PRK/6R1 b - - 0 1,Rh4,h6h4,0.5939294883932615,0.726995752233842,103,266,h6h4,True,0.5939294883932615,0.726995752233842,103,266,h6h4,True,0.5939294883932615,0.726995752233842,103,266
r1b1r1k1/1pq1nppp/2pn4/P2p4/1Q1P4/1NRBP2P/4NPP1/1R4K1 w - - 0 1,Ng3,e2g3,0.5522565132687802,0.53675438329054,56,40,e2g3,True,0.5522565132687802,0.53675438329054,56,40,e2g3,True,0.5522565132687802,0.53675438329054,56,40
r1bqkb1r/1pp2ppp/pn2p3/4P3/2BP4/2Q2N2/PP3PPP/R1B1K2R w KQkq - 0 1,Bg5,c1g5,0.5040937712736001,0.5202403732122675,4,22,c1g5,True,0.5040937712736001,0.5202403732122675,4,22,c1g5,True,0.5040937712736001,0.5202403732122675,4,22
r4b1r/p3nk1p/R1p2p2/3p4/1P3Pq1/3Q2B1/2PN3P/5RK1 b - - 0 1,h5,h7h5,0.5841653422646531,0.5631764176433595,92,69,h7h5,True,0.5841653422646531,0.5631764176433595,92,69,h7h5,True,0.5841653422646531,0.5631764176433595,92,69
2rq1rk1/pb1nbppp/1p1p1n2/4p1B1/P3P3/1BN2N2/1PP1RPPP/R2Q2K1 b - - 0 1,Rxc3,c8c3,0.5458116659533133,0.5376698043044984,49,41,c8c3,True,0.5458116659533133,0.5376698043044984,49,41,c8c3,True,0.5458116659533133,0.5376698043044984,49,41
2r3rk/5p1p/p3pPp1/1b2P1QP/1p4P1/1P2pq2/P1P5/1KR2BR1 w - - 0 1,Bg2,f1g2,0.5710959952517038,0.8162646767950037,77,405,f1g2,True,0.5710959952517038,0.8162646767950037,77,405,f1g2,True,0.5710959952517038,0.8162646767950037,77,405
br2rbk1/2q2ppp/p1npp3/2p3P1/P3PP2/1PN1BB2/2PR1Q1P/5RK1 b - - 0 1,c4,c5c4,0.592863381451332,0.6200396776969423,102,133,c5c4,True,0.592863381451332,0.6200396776969423,102,133,c5c4,True,0.592863381451332,0.6200396776969423,102,133
3r4/1b2k3/p2p1npp/1p2p3/2r1P1PP/P1N1RBK1/1PPR4/8 b - - 0 1,g5,g6g5,0.5617200775491817,0.5695065266470701,67,76,g6g5,True,0.5617200775491817,0.5695065266470701,67,76,d8f8,False,0.5381915302192267,0.5704090259445697,41,77
r3k2r/ppqbbpp1/2npp3/1B4Bn/3NP2P/2N5/PPP1QP2/2KR3R b kq - 0 1,Nxd4,c6d4,0.39334002556366116,0.5,-117,0,a7a6,False,0.40999852167466505,0.4054188880512549,-98,-104,c6d4,True,0.39334002556366116,0.5,-117,0
r1b3k1/5n1p/2p2Bp1/1p3P2/4r3/1B4P1/6P1/1R3RK1 w - - 0 1,Ra1,b1a1,0.5258087603818524,0.6104522820914586,28,122,f5g6,False,0.5938285092314354,0.5128844269647328,103,14,b1a1,True,0.5258087603818524,0.6104522820914586,28,122
2r1k2r/1bq1bpp1/p2p4/1p2pPB1/3NP1pP/8/PPPQ2P1/1K1RR3 w k - 0 1,Bxe7,g5e7,0.6132856488353836,0.6338176636011208,125,149,g5e7,True,0.6132856488353836,0.6338176636011208,125,149,g5e7,True,0.6132856488353836,0.6338176636011208,125,149
2r2rk1/1pbq1ppp/p1n1bn2/5N2/3pPB2/Q2B2N1/PP3PPP/2R2RK1 w - - 0 1,Rxc6,c1c6,0.5434599179142078,0.5631764176433595,47,69,f4c7,False,0.5594673351033068,0.49355671670047907,64,-7,c1c6,True,0.5434599179142078,0.5631764176433595,47,69
rn1q1rk1/pp3pbp/1np1p1p1/8/3PP3/2N2B1P/PP3PP1/R1BQ1RK1 w - - 0 1,e5,e4e5,0.6097283526857479,0.5928047194327711,121,102,e4e5,True,0.6097283526857479,0.5928047194327711,121,102,e4e5,True,0.6097283526857479,0.5928047194327711,121,102
r2q1rk1/ppp2pbp/1nb3p1/2n1p3/8/2NP1NP1/PP2PPBP/R1BQ1RK1 b - - 0 1,e4,e5e4,0.5426427513628316,0.5740142874632654,46,81,e5e4,True,0.5426427513628316,0.5740142874632654,46,81,e5e4,True,0.5426427513628316,0.5740142874632654,46,81
1r1qr1k1/1p3ppp/p1np1n2/2p2b2/2P1NP1b/1PNPPB1P/PB1Q3K/R5R1 w - - 0 1,Nxf6+,e4f6,0.6722177096288178,0.8008836319239997,195,378,c3d5,False,0.7046524015395156,0.7497463301445308,236,298,e4f6,True,0.6722177096288178,0.8008836319239997,195,378
r1b1kr2/pppp1p1p/8/3PN1pQ/8/4P1P1/P2R1P1P/4KB1q w q - 0 1,d6,d5d6,0.6444165160486696,0.7277259343110861,161,267,e5g4,False,0.6602796017702968,0.6174338599757672,180,130,d5d6,True,0.6444165160486696,0.7277259343110861,161,267
2r1r1k1/pp1nqpp1/4p2p/3n3P/3N4/8/PPPBQPP1/1K1R2R1 w - - 0 1,c4,c2c4,0.5867912960932625,0.5901355884591462,95,99,g2g4,False,0.6111264576528427,0.5794073444653803,122,87,c2c4,True,0.5867912960932625,0.5901355884591462,95,99
r3k2r/1bq1ppb1/p1pp2p1/1p1nP2p/3P1P1P/3NB3/PPP2QP1/1K1R1B1R b kq - 0 1,Bc8,b7c8,0.5427671498056892,0.5092041601288086,46,10,b7c8,True,0.5427671498056892,0.5092041601288086,46,10,b7c8,True,0.5427671498056892,0.5092041601288086,46,10
2rq1rk1/pp2bpp1/4nnp1/3p4/3P4/PBNQP3/1P1B2PP/4RRK1 w - - 0 1,Re2,e1e2,0.5299726569725307,0.5330902822991305,32,36,e1e2,True,0.5299726569725307,0.5330902822991305,32,36,e1e2,True,0.5299726569725307,0.5330902822991305,32,36
r7/1p1bknp1/p4p2/2Pp3r/1P1N4/1B2PP2/1B3KP1/R7 w - - 0 1,Ne2,d4e2,0.5418782497034698,0.5156437324214209,45,17,d4e2,True,0.5418782497034698,0.5156437324214209,45,17,d4e2,True,0.5418782497034698,0.5156437324214209,45,17
r1r3k1/2q1bppp/p2p1n2/4p1P1/Q7/4BP2/PPP4P/2KR1B1R b - - 0 1,Rab8,a8b8,0.3163030526201016,0.591915609324709,-209,101,f6d7,False,0.4914767017355143,0.5440703011199586,-9,48,a8b8,True,0.3163030526201016,0.591915609324709,-209,101
1rb1rbk1/2q2pp1/p2p3p/n2Pp3/Pp6/1P2BN1P/2P2PP1/R2QRBK1 w - - 0 1,Nd2,f3d2,0.5379144261154121,0.5440703011199586,41,48,a1c1,False,0.5527797728879984,0.531256867324871,57,34,f3d2,True,0.5379144261154121,0.5440703011199586,41,48
1r1qr1k1/4bppp/2npb3/pp1Np3/4P2P/P1P1N1P1/1P3P2/R2QKB1R w KQ - 0 1,a4,a3a4,0.6309699233311972,0.6069442398881181,145,118,a3a4,True,0.6309699233311972,0.6069442398881181,145,118,a3a4,True,0.6309699233311972,0.6069442398881181,145,118
1q1r1k2/5pp1/pPp1p3/3n2r1/P6p/1Q1N3P/5PP1/2R2RK1 w - - 0 1,Rc5,c1c5,0.6200793374628502,0.6705428791057813,133,193,b6b7,False,0.6948563052482104,0.5,223,0,c1c5,True,0.6200793374628502,0.6705428791057813,133,193
r1r3k1/3nbppp/q1p1pnb1/pp1p4/2P3PN/PP1P1N1P/1BQ1PPB1/R4RK1 b - - 0 1,a4,a5a4,0.5351658234213783,0.5540980866051488,38,59,a5a4,True,0.5351658234213783,0.5540980866051488,38,59,a5a4,True,0.5351658234213783,0.5540980866051488,38,59
rn5r/p3kp2/1p2p2p/2pPb1pN/b3P3/2P2PP1/P2B3P/1R2KB1R b K - 0 1,exd5,e6d5,0.4945069487614552,0.5936932221056321,-5,103,e6d5,True,0.4945069487614552,0.5936932221056321,-5,103,e6d5,True,0.4945069487614552,0.5936932221056321,-5,103
2rq1rk1/1b2bppp/pp2pn2/1P1p4/P2P4/1QN1P1P1/3N1PBP/2RR2K1 b - - 0 1,a5,a6a5,0.5143000797752919,0.5340066578563346,15,37,a6a5,True,0.5143000797752919,0.5340066578563346,15,37,a6a5,True,0.5143000797752919,0.5340066578563346,15,37
2r2nk1/1q3pp1/1p2pb1p/p1r5/4Q3/4PN2/PPBR1PPP/1K5R b - - 0 1,Qc7,b7c7,0.6228252315110141,0.6507349938882695,136,169,b7c7,True,0.6228252315110141,0.6507349938882695,136,169,b7c7,True,0.6228252315110141,0.6507349938882695,136,169
2rq1rk1/3n1pbp/b1pp2p1/2nPp3/p1P1P3/4BNNP/P2Q1PP1/1R1R1BK1 w - - 0 1,Ne1,f3e1,0.5439874912806663,0.5613639348680176,47,67,e3g5,False,0.5527003631765031,0.531256867324871,57,34,d5c6,False,0.5128378216143232,0.5658919665398462,13,72
1r1bk3/1pqn1pp1/p1p1pnp1/2Pp4/N2P2P1/1Q1BPP2/PP1B3r/2KR3R w - - 0 1,g5,g4g5,0.5751518981788324,0.613075853553636,82,125,d1g1,False,0.582441470283855,0.5495449603745888,90,54,g4g5,True,0.5751518981788324,0.613075853553636,82,125
r4rk1/pp1n1pbp/2p2np1/q3p3/2QP4/2N1PB1P/PP3PP1/R1BR2K1 w - - 0 1,b4,b2b4,0.5774767072895375,0.5695065266470701,84,76,b2b4,True,0.5774767072895375,0.5695065266470701,84,76,b2b4,True,0.5774767072895375,0.5695065266470701,84,76
r3r3/pp2qpk1/1n1b2pp/3Pp3/4N3/1B5P/PP2QPP1/2R1R1K1 w - - 0 1,h4,h3h4,0.5410014412119086,0.522078114090291,44,24,h3h4,True,0.5410014412119086,0.522078114090291,44,24,e2e3,False,0.5285070148617964,0.522078114090291,31,24
3r2k1/1pprq1pp/p1n2pb1/2R5/1P2PP2/P5P1/1B4BP/2Q1R1K1 w - - 0 1,e5,e4e5,0.5918253510116327,0.5740142874632654,100,81,e4e5,True,0.5918253510116327,0.5740142874632654,100,81,e4e5,True,0.5918253510116327,0.5740142874632654,100,81
r3k2r/2q1ppb1/2pp2p1/p2nPb1p/1p1P1P1P/3N2P1/PPPBQ1B1/1K1R3R b kq - 0 1,Kf8,e8f8,0.5393236178980803,0.5577340998516674,42,63,c7b6,False,0.5926622122942673,0.5812008926446736,101,89,a8d8,False,0.5419079600283395,0.5838871815019091,45,92
2bq1rk1/Q2n2b1/1p4np/1Pp1ppp1/2Pp4/1N1P2PP/3NPPB1/B3K2R b K - 0 1,e4,e5e4,0.6532109765603058,0.7068257687656249,171,239,e5e4,True,0.6532109765603058,0.7068257687656249,171,239,e5e4,True,0.6532109765603058,0.7068257687656249,171,239
r3r1k1/1bqnbppp/p3p3/2ppP3/5P2/1PNB4/PBP1Q1PP/4RR1K w - - 0 1,f5,f4f5,0.5770964936899483,0.700684702726408,84,231,f4f5,True,0.5770964936899483,0.700684702726408,84,231,f4f5,True,0.5770964936899483,0.700684702726408,84,231
r4rk1/pb4pp/1pn1p1q1/3pP3/3P2B1/4P1P1/PP4K1/R1BQR3 b - - 0 1,Ba6,b7a6,0.7014119787453763,0.7462761887954177,231,293,c6b4,False,0.7468229241493128,0.7518131775349546,293,301,c6b4,False,0.7468229241493128,0.7518131775349546,293,301
r4rk1/ppp2qb1/3p2pp/3Ppb1n/1nP1B3/2N1B1PP/PP1NQP2/R3K2R b KQ - 0 1,Nf4,h5f4,0.525913827100823,0.6139489294360486,28,126,h5f4,True,0.525913827100823,0.6139489294360486,28,126,h5f4,True,0.525913827100823,0.6139489294360486,28,126
r1kr4/pppbbpp1/7p/2p1P3/5n2/1P3NNP/PBPR1PP1/3R2K1 w - - 0 1,e6,e5e6,0.5458489514609465,0.6060654870564154,49,117,e5e6,True,0.5458489514609465,0.6060654870564154,49,117,e5e6,True,0.5458489514609465,0.6060654870564154,49,117
2r1kb1r/1ppq2pp/p4pn1/8/2NpPB2/5Q1P/PP3PP1/2RR2K1 w k - 0 1,e5,e4e5,0.6012088777871103,0.5847815132358991,111,93,e4e5,True,0.6012088777871103,0.5847815132358991,111,93,e4e5,True,0.6012088777871103,0.5847815132358991,111,93
1r1q1rk1/1bp1ppbp/3p1np1/n2N4/1p1PP3/1P4P1/PB3PBP/2RQNRK1 b - - 0 1,Nxe4,f6e4,0.5180936833505699,0.5749143902876699,19,82,f6e4,True,0.5180936833505699,0.5749143902876699,19,82,f6e4,True,0.5180936833505699,0.5749143902876699,19,82
2r1rnk1/1b3pp1/pq3n1p/1pbp4/3N4/P1N1PB2/1PQ2PPP/2RRB1K1 b - - 0 1,Bxd4,c5d4,0.5768572286785334,0.5803043837193158,84,88,c5d4,True,0.5768572286785334,0.5803043837193158,84,88,c5d4,True,0.5768572286785334,0.5803043837193158,84,88
2brr1k1/1pq2pp1/p3pb1p/2Pn4/1P1N4/P3B1PP/2QR1PB1/3R2K1 w - - 0 1,Nf5,d4f5,0.542725689041065,0.5577340998516674,46,63,d4f5,True,0.542725689041065,0.5577340998516674,46,63,d4f5,True,0.542725689041065,0.5577340998516674,46,63
r2r4/4kpp1/ppq1pb1p/2N5/2P1P3/Q7/PP2BPPP/R3K2R b KQ - 0 1,Qxc5,c6c5,0.5768138599236832,0.6431661450174323,84,160,c6c5,True,0.5768138599236832,0.6431661450174323,84,160,c6c5,True,0.5768138599236832,0.6431661450174323,84,160
1k1r3r/ppq2pp1/2pb1np1/3p4/Q2P4/3BPPP1/PP1B3P/1K1R3R w - - 0 1,Ba5,d2a5,0.6140923170735597,0.6051860475782356,126,116,d2a5,True,0.6140923170735597,0.6051860475782356,126,116,d2a5,True,0.6140923170735597,0.6051860475782356,126,116
r1b1r1k1/3nbpp1/pq2pn1p/1pp1N3/3P3B/P1N1P3/BPQ2PPP/3R1RK1 w - - 0 1,Nxd7,e5d7,0.6301486331776949,0.6321068166142683,144,147,e5d7,True,0.6301486331776949,0.6321068166142683,144,147,e5d7,True,0.6301486331776949,0.6321068166142683,144,147
2k1r3/1ppb1pp1/r1p5/p3PnBp/1b6/1PNR1NPP/P1P2P2/5RK1 b - - 0 1,Ne7,f5e7,0.5856397975096232,0.6440107489122191,93,161,f5e7,True,0.5856397975096232,0.6440107489122191,93,161,f5e7,True,0.5856397975096232,0.6440107489122191,93,161
3rr1k1/pbq3pp/1p2p3/4bp1Q/2PB4/1P5P/P1B2PP1/3R1R1K w - - 0 1,Bxe5,d4e5,0.5332374684210099,0.6346718261450347,36,150,d4e5,True,0.5332374684210099,0.6346718261450347,36,150,d4e5,True,0.5332374684210099,0.6346718261450347,36,150
r2r2k1/2q1nppp/p2p1b2/1p2p3/P3P3/2PQBN2/1P3PPP/R2R2K1 b - - 0 1,bxa4,b5a4,0.46495757021866957,0.4815979155878063,-38,-20,b5a4,True,0.46495757021866957,0.4815979155878063,-38,-20,b5a4,True,0.46495757021866957,0.4815979155878063,-38,-20
r4k1r/4ppb1/1qpp4/3nPp1p/p2P1P1P/1p1NB1P1/PPP1Q3/K2R3R w - - 0 1,Bf2,e3f2,0.423361514134341,0.5064432832995209,-83,7,a2a3,False,0.4517743215871367,0.4089741028083871,-52,-100,e3f2,True,0.423361514134341,0.5064432832995209,-83,7
1nrrb1k1/ppp1qppp/8/3p4/3P4/2QNP1P1/PP3PBP/R1R3K1 w - - 0 1,Qc5,c3c5,0.5963743603855234,0.6850156824376978,106,211,c3a5,False,0.6170494828447411,0.6165637432224795,129,129,c3c5,True,0.5963743603855234,0.6850156824376978,106,211
rnbqr1k1/pp3pbp/2pp2p1/7n/2PNP1P1/2N2P2/PP2B2P/R1BQR1K1 b - - 0 1,Be5,g7e5,0.4158204644025055,0.5658919665398462,-92,72,d8h4,False,0.48674720052113263,0.5740142874632654,-14,81,d8h4,False,0.48674720052113263,0.5740142874632654,-14,81
rn2kb1r/1bq1pppp/p2p4/1p1P4/3N4/4B2P/PPP2PP1/R2QKB1R w KQkq - 0 1,a4,a2a4,0.6150051015815813,0.6810298210979692,127,206,a2a4,True,0.6150051015815813,0.6810298210979692,127,206,a2a4,True,0.6150051015815813,0.6810298210979692,127,206
r4r1k/1pnqp1bp/2ppbnp1/5p2/1PPP4/3N2P1/1BQNPPBP/R4RK1 w - - 0 1,Nb3,d2b3,0.5491551522718832,0.5394998785122574,53,43,a1a5,False,0.5662859245897608,0.5540980866051488,72,59,a1a5,False,0.5662859245897608,0.5540980866051488,72,59
1r3k2/5pp1/2qp3r/1p2b2p/7P/3BR3/PP2QPP1/4RK2 w - - 0 1,Re4,e3e4,0.5559665412141458,0.5731136939018822,61,80,b2b4,False,0.5625272478624768,0.5595498132599205,68,65,e3e4,True,0.5559665412141458,0.5731136939018822,61,80
r2q1rk1/1b1nbppp/pp1ppn2/8/P1PNP3/2N1BP2/1P2B1PP/R2Q1RK1 w - - 0 1,a5,a4a5,0.5621953863419755,0.5394998785122574,67,43,a4a5,True,0.5621953863419755,0.5394998785122574,67,43,d1d2,False,0.5534429274650362,0.5404145195219514,58,44
r1bq1rk1/ppp3bp/3p1np1/3PpnB1/2P1N3/5P2/PP1QN1PP/2KR1B1R b - - 0 1,Nxe4,f6e4,0.44284227963150924,0.5358387144707508,-62,39,f6e4,True,0.44284227963150924,0.5358387144707508,-62,39,f6e4,True,0.44284227963150924,0.5358387144707508,-62,39
r4rk1/4bppp/pqP5/1b1p4/1p2P3/1B3P2/PP3RPP/R1B1Q1K1 w - - 0 1,Bxd5,b3d5,0.47903077566239016,0.5440703011199586,-22,48,c1f4,False,0.513950951732355,0.5449835205954683,15,49,c1f4,False,0.513950951732355,0.5449835205954683,15,49
1r1r2k1/2qnbppp/2bp1n2/pp2p3/1P2P3/P1N1BP2/N1P1BQPP/R2R3K b - - 0 1,a4,a5a4,0.4218611222711037,0.45958548047804854,-85,-44,a5a4,True,0.4218611222711037,0.45958548047804854,-85,-44,a5a4,True,0.4218611222711037,0.45958548047804854,-85,-44
1r3bk1/r2q1pp1/2np3p/1p2p3/4P3/2PQNN1P/1P3PP1/R2R2K1 w - - 0 1,b4,b2b4,0.600520281100654,0.6025436609853058,110,113,b2b4,True,0.600520281100654,0.6025436609853058,110,113,b2b4,True,0.600520281100654,0.6025436609853058,110,113
r1b1k2r/5pp1/pq1ppb1p/1pN5/2B1PP2/2N5/PPPQ2PP/1K1RR3 b kq - 0 1,dxc5,d6c5,0.49321513335679046,0.5165632973121441,-7,18,d6c5,True,0.49321513335679046,0.5165632973121441,-7,18,d6c5,True,0.49321513335679046,0.5165632973121441,-7,18
r3k2r/3b1pb1/pqnpp2p/8/5PP1/1Pp2N1P/P1P1Q1B1/R1B1K2R b KQkq - 0 1,Nb4,c6b4,0.6021421448210913,0.5577340998516674,112,63,c6b4,True,0.6021421448210913,0.5577340998516674,112,63,c6b4,True,0.6021421448210913,0.5577340998516674,112,63
r4b1n/1p1n1kp1/q1p1p3/p2pPp2/P2P1P2/1N1NB1P1/1PP1Q3/R5K1 b - - 0 1,Ng6,h8g6,0.36334378913133925,0.38605107056395144,-152,-126,a6c4,False,0.37604852306624703,0.33681889732873044,-137,-184,h8g6,True,0.36334378913133925,0.38605107056395144,-152,-126
r1bq1rk1/p2nbppp/1p1p1n2/2pPp3/P1B1P3/2N2N2/1PP2PPP/R1BQR1K1 w - - 0 1,a5,a4a5,0.6014752109105138,0.6007787318117942,111,111,c4b5,False,0.6200472401885451,0.5936932221056321,133,103,a1b1,False,0.5936144306069945,0.6086996650452808,102,120
2r1r3/1p3kpp/pBb1p3/5p2/2P1n3/8/PP2BPPP/R1R3K1 w - - 0 1,a4,a2a4,0.5922436806284033,0.6016615267275047,101,112,a2a4,True,0.5922436806284033,0.6016615267275047,101,112,a2a4,True,0.5922436806284033,0.6016615267275047,101,112
r4r1k/3qb1pp/p1nppn2/2p5/P3P3/2PQ1NN1/5PPP/R1B1R1K1 w - - 0 1,h3,h2h3,0.5590338016742014,0.5586421525846197,64,64,h2h3,True,0.5590338016742014,0.5586421525846197,64,64,h2h3,True,0.5590338016742014,0.5586421525846197,64,64
2b3k1/1pp4p/r2p1qp1/p2Pp3/4Pr2/3R1P2/PPP3QP/2K3NR b - - 0 1,Bg4,c8g4,0.33424559627232664,0.5330902822991305,-187,36,f4h4,False,0.5481723548860723,0.5613639348680176,52,67,b7b5,False,0.5252050777698284,0.5649872147270768,27,71
rn2k1nr/pp2ppbp/2pp2p1/q7/2PP2bB/2N1PN2/PP3PPP/R2QKB1R b KQkq - 0 1,Nh6,g8h6,0.484805906404693,0.4944771046316658,-16,-6,g8h6,True,0.484805906404693,0.4944771046316658,-16,-6,g8h6,True,0.484805906404693,0.4944771046316658,-16,-6
r2qr1k1/pppb1pbp/3p1np1/4n3/2PN4/1PN1PB1P/PB3PP1/R2Q1RK1 b - - 0 1,c5,c7c5,0.49810137487758677,0.5829922971166973,-2,91,e5f3,False,0.5030172508936183,0.49539752999711567,3,-5,c7c5,True,0.49810137487758677,0.5829922971166973,-2,91
r2qr1k1/1b3pbp/pp3np1/3p4/P7/2NBPQ1P/1P3PP1/R2RB1K1 b - - 0 1,Qb8,d8b8,0.5211593698683668,0.5776116974476763,23,85,d8e7,False,0.5300388835094709,0.5147240615881282,32,16,d8b8,True,0.5211593698683668,0.5776116974476763,23,85
r2qr1k1/2pn1pbp/b3p1p1/p1PpPn2/1p1P1P2/4B1P1/PP1QNNBP/2RR3K w - - 0 1,Ng1,e2g1,0.6221264041671326,0.6448544575649283,135,162,e2g1,True,0.6221264041671326,0.6448544575649283,135,162,e2g1,True,0.6221264041671326,0.6448544575649283,135,162
1q3rk1/5ppp/3P4/Q7/1p6/6P1/b4PBP/2R3K1 b - - 0 1,Be6,a2e6,0.5180911122310448,0.4981589683200522,19,-2,a2e6,True,0.5180911122310448,0.4981589683200522,19,-2,a2e6,True,0.5180911122310448,0.4981589683200522,19,-2
3r4/pR1r1ppk/2pBpn1p/P1P4P/3q4/5QP1/5PK1/1R6 w - - 0 1,Be7,d6e7,0.5308613754930354,0.6802294368681915,33,205,a5a6,False,0.5995561801209742,0.5303398401818216,109,33,d6e7,True,0.5308613754930354,0.6802294368681915,33,205
r4rk1/p3qnbp/1pp1b1p1/4p3/1P2Pp2/3P1N1P/1QPB1PP1/RN3RK1 b - - 0 1,Ng5,f7g5,0.624237441552107,0.6016615267275047,137,112,f7g5,True,0.624237441552107,0.6016615267275047,137,112,g6g5,False,0.6136701556936193,0.6200396776969423,125,133
r3k2r/5ppp/p1pq1n2/1p2p3/1PPbP3/3B4/P2BQPPP/2R2RK1 w kq - 0 1,Bc2,d3c2,0.535306502089681,0.5731136939018822,38,80,d3c2,True,0.535306502089681,0.5731136939018822,38,80,d3c2,True,0.535306502089681,0.5731136939018822,38,80
6k1/pp2q2p/2p3p1/3r1b2/4p3/2B1P1b1/PPQ2PPP/3R2K1 w - - 0 1,fxg3,f2g3,0.5516074192325953,0.5376698043044984,56,41,d1d5,False,0.5543080316988226,0.5468090461073719,59,51,d1d5,False,0.5543080316988226,0.5468090461073719,59,51
r1b2rk1/pp1n1pbp/1q4p1/3p4/3P4/1N1B1N2/PPQ2PPP/R4RK1 b - - 0 1,Nb8,d7b8,0.5707156327063585,0.5449835205954683,77,49,d7b8,True,0.5707156327063585,0.5449835205954683,77,49,f8d8,False,0.5568852644371581,0.5658919665398462,62,72
6r1/1p1nkprp/p1npp3/8/1PP1PP2/P1N2K2/3R3P/1B1R4 b - - 0 1,Nde5+,d7e5,0.627483941363706,0.7692427256424765,141,327,c6e5,False,0.6362776504603387,0.7633079165915984,151,318,d7e5,True,0.627483941363706,0.7692427256424765,141,327
2bq1r1k/1p3pbp/r7/p1Ppp1P1/8/1NP3Q1/PP1B2PP/4RRK1 w - - 0 1,Rxe5,e1e5,0.6362806819332648,0.5794073444653803,151,87,e1e5,True,0.6362806819332648,0.5794073444653803,151,87,b3c1,False,0.5754252010294647,0.6507349938882695,82,169
5r2/ppr1q1kp/3p1p2/4pPpn/2PpP3/1P1P1NP1/P2Q3P/2R2RK1 w - - 0 1,Ne1,f3e1,0.6054459298184325,0.6243673063917166,116,138,d2d1,False,0.6098612300371755,0.5776116974476763,121,85,f3e1,True,0.6054459298184325,0.6243673063917166,116,138
5k1r/R4p1p/1p1r1np1/2p5/3n4/2N2BP1/PP3PKP/3R4 w - - 0 1,Be2,f3e2,0.5635777696848425,0.5413288883579234,69,45,f3e2,True,0.5635777696848425,0.5413288883579234,69,45,d1e1,False,0.5548725765520035,0.5486333135073832,59,53
r1b2rk1/1p2bppp/p2ppn2/q7/3QPP2/2N1B3/PPP1B1PP/2KR3R w - - 0 1,Qb6,d4b6,0.579368766755411,0.597241050790976,86,107,e2f3,False,0.5798368450738044,0.5577340998516674,87,63,d4b6,True,0.579368766755411,0.597241050790976,86,107
r1q1r1k1/1b1n1pbp/p1p1n1p1/BpP1p3/P3P3/1N1N2PP/1PQ2PB1/R2R2K1 w - - 0 1,h4,h3h4,0.6464451828907298,0.6209067564512851,163,134,h3h4,True,0.6464451828907298,0.6209067564512851,163,134,f2f4,False,0.6144877949403025,0.6260928550975975,126,140
r3r1k1/1p2pp1p/3p2p1/p1nPbq1P/2P5/1P2BB2/P3QPP1/1R1R2K1 w - - 0 1,g4,g2g4,0.586522933519392,0.6590564612649169,94,179,f3g4,False,0.6035155921625004,0.6515713880482262,114,170,g2g4,True,0.586522933519392,0.6590564612649169,94,179
r3k2r/pbp2ppp/1pn1pn2/7q/1b1P4/2NQ1NP1/PP1BPPBP/R3K2R b KQkq - 0 1,a6,a7a6,0.42910479495837517,0.45319095389262815,-77,-51,e8c8,False,0.5317424433026404,0.6183032245766588,34,131,e8c8,False,0.5317424433026404,0.6183032245766588,34,131
r2br1k1/1pq2pp1/p4n1p/2n1pP2/7B/2N2BQ1/PPP3PP/2KRR3 w - - 0 1,Rxd8,d1d8,0.56961003350539,0.6582286101488871,76,178,c1b1,False,0.5943447304370586,0.5731136939018822,103,80,d1d8,True,0.56961003350539,0.6582286101488871,76,178
1k1r1b1r/ppq2pp1/4pn1p/2p4P/Q2P4/5N2/PPPB1PP1/1K1R3R b - - 0 1,c4,c5c4,0.45824618646243287,0.5027615319200139,-45,3,f6d5,False,0.4647536349370134,0.4926363724400336,-38,-8,b8a8,False,0.4579129823460797,0.5036820134406647,-45,4
2b2rk1/2q2ppp/p2bp3/1r1n4/Np1B1Pn1/1N4P1/PPPQ2BP/1K1R3R w - - 0 1,c4,c2c4,0.5437893031242811,0.6689139863954203,47,191,g2f3,False,0.5662139307484344,0.5731136939018822,72,80,c2c4,True,0.5437893031242811,0.6689139863954203,47,191
1rbq1rk1/1p4b1/p2p2pp/2pP1n2/2P1RB1P/5NP1/PP4B1/4QRK1 w - c6 0 1,g4,g3g4,0.6590891754323794,0.7483620769618609,179,296,g3g4,True,0.6590891754323794,0.7483620769618609,179,296,g3g4,True,0.6590891754323794,0.7483620769618609,179,296
1r3k2/q4pb1/p1rpb2p/2pN2p1/1PB5/P2QP1P1/5PP1/2RR2K1 w - - 0 1,a4,a3a4,0.4830552747645277,0.6549075932826014,-18,174,g1h2,False,0.6055583349862664,0.5847815132358991,116,93,a3a4,True,0.4830552747645277,0.6549075932826014,-18,174
r1bqr3/pp3pk1/3p1np1/2pPn3/4P1P1/2N2P1p/PP1QB2P/R3KN1R b KQ - 0 1,b5,b7b5,0.45298417843263206,0.4724124461074959,-51,-30,b7b5,True,0.45298417843263206,0.4724124461074959,-51,-30,b7b5,True,0.45298417843263206,0.4724124461074959,-51,-30
2rr1b2/1pp2k1p/p3nppn/4p3/1PP1P3/2B2NPP/P4PB1/R2R2K1 b - - 0 1,c5,c7c5,0.5122506328486165,0.5073636275599663,13,8,c7c5,True,0.5122506328486165,0.5073636275599663,13,8,b7b6,False,0.500623426857888,0.5165632973121441,0,18
r4rk1/1pqn1pbp/1npp2p1/p2Pp3/P3PP2/2N1BB2/1PP1Q1PP/R2R3K w - - 0 1,f5,f4f5,0.6173218043835907,0.5990111810176295,129,109,f4f5,True,0.6173218043835907,0.5990111810176295,129,109,f4f5,True,0.6173218043835907,0.5990111810176295,129,109
8/3r1pk1/r1q1pbp1/2p4p/2N5/P3P2P/2Q2PP1/1RR3K1 w - - 0 1,a4,a3a4,0.5300998593130827,0.5349228039541688,32,38,a3a4,True,0.5300998593130827,0.5349228039541688,32,38,a3a4,True,0.5300998593130827,0.5349228039541688,32,38
3q1rk1/3R2pp/1r2pp2/2b5/Q3PP2/5N2/5P1P/4R1K1 b - - 0 1,Qb8,d8b8,0.5275655074238041,0.5147240615881282,29,16,d8e8,False,0.5507466420477222,0.5082839219143761,55,9,d8b8,True,0.5275655074238041,0.5147240615881282,29,16
rn1rn1k1/pb2bp2/3pp2p/2p3p1/2P1P3/1PN1BNP1/1P1R1PBP/3R2K1 b - - 0 1,Nc6,b8c6,0.5023863372648213,0.49907948104001076,2,-1,b8c6,True,0.5023863372648213,0.49907948104001076,2,-1,b8c6,True,0.5023863372648213,0.49907948104001076,2,-1
r3r1k1/1p1b1ppp/pq1p4/2pPnP1n/P6B/2N4P/1PB2QP1/R4RK1 w - - 0 1,Ne4,c3e4,0.6749183966892163,0.7240628269004115,198,262,c3e4,True,0.6749183966892163,0.7240628269004115,198,262,c3e4,True,0.6749183966892163,0.7240628269004115,198,262
6k1/3r4/1pbq2Pp/p2n1Q2/P1B5/2P3P1/1P4P1/3R2K1 w - - 0 1,Re1,d1e1,0.4432946041862522,0.8089768011390678,-61,392,c4d5,False,0.5349710971936481,0.4071952805672289,38,-102,d1e1,True,0.4432946041862522,0.8089768011390678,-61,392
2r2rk1/1b2bppp/1q6/p3p3/Pp2P3/1N1P2PP/1P3PB1/1QRR2K1 b - - 0 1,Bc6,b7c6,0.5632715309862172,0.5376698043044984,69,41,b7c6,True,0.5632715309862172,0.5376698043044984,69,41,h7h5,False,0.5294276780649175,0.5568256609665037,32,62
1q4k1/3n1pp1/2br3p/1p2p3/1P2P3/3BQP1P/4N1PK/R7 w - - 0 1,Ra5,a1a5,0.5318402476527855,0.5477213400816676,34,52,e2g3,False,0.5372959659698221,0.519321294202434,40,21,a1a5,True,0.5318402476527855,0.5477213400816676,34,52
5rk1/ppp2qp1/4p3/3p4/3P4/PP4Pp/1P2QPnP/3N1R1K b - - 0 1,e5,e6e5,0.5316408360727125,0.7320812691889782,34,273,c7c5,False,0.5655355364444807,0.5604570759825421,71,66,e6e5,True,0.5316408360727125,0.7320812691889782,34,273
4rrk1/3bq2p/3n4/1pBPbp2/1Pp5/2N4P/2BQ2P1/4RRK1 w - - 0 1,Rxe5,e1e5,0.6324189337555262,0.8291496060284106,147,429,e1e5,True,0.6324189337555262,0.8291496060284106,147,429,e1e5,True,0.6324189337555262,0.8291496060284106,147,429
2r3rk/5p1p/p3pPp1/1b2P1QP/1p4P1/1P2p3/P1P2qB1/1KR3R1 w - - 0 1,Be4,g2e4,0.6860890747403305,0.8072639602536954,212,389,g2e4,True,0.6860890747403305,0.8072639602536954,212,389,g2e4,True,0.6860890747403305,0.8072639602536954,212,389
2r1k2r/1b2qpp1/p2p4/1p2pP2/3NP1pP/8/PPPQ2P1/1K1RR3 w k - 0 1,f6,f5f6,0.6183587617467805,0.6380799643424951,131,154,f5f6,True,0.6183587617467805,0.6380799643424951,131,154,f5f6,True,0.6183587617467805,0.6380799643424951,131,154
1r1qr1k1/1p3ppp/p1np2b1/2pN4/2P2P2/1P1PPB1P/PQ5K/R5R1 w - - 0 1,Be4,f3e4,0.6710525234720628,0.765297821079766,193,321,f4f5,False,0.7260688679617415,0.7851765653568404,264,352,f4f5,False,0.7260688679617415,0.7851765653568404,264,352
3rr1k1/pb4pp/1p2p3/4qp1Q/2P5/1P5P/P1B2PP1/3R1R1K w - - 0 1,Rd7,d1d7,0.6142413451669846,0.6209067564512851,126,134,d1d7,True,0.6142413451669846,0.6209067564512851,126,134,d1d7,True,0.6142413451669846,0.6209067564512851,126,134
r5k1/4nppp/2qp1b2/1p2p3/4P3/2PQBN2/1P3PPP/3R2K1 w - - 0 1,Ne1,f3e1,0.565783248125677,0.6060654870564154,71,117,f3e1,True,0.565783248125677,0.6060654870564154,71,117,f3e1,True,0.565783248125677,0.6060654870564154,71,117
